release	assembly	chr_prefixed_count	bare_alt_patch_count	chromosome_count	dna3bit_bases	ftp_last_modified
75	GRCh37	0	272	25	32030466482	2014-02-04
76	GRCh38	261	169	25	37314969611	2014-07-19
77	GRCh38	261	169	25	37314969611	2014-09-23
78	GRCh38	261	169	25	37314969611	2014-11-17
79	GRCh38	291	169	25	42010149178	2015-02-16
80	GRCh38	291	169	25	42010149178	2015-05-06
81	GRCh38	299	169	25	43419892748	2015-10-08
82	GRCh38	299	169	25	43419892748	2015-10-08
83	GRCh38	322	169	25	46622297967	2015-11-18
84	GRCh38	322	169	25	46622297967	2016-02-25
85	GRCh38	330	169	25	47863818397	2016-07-07
86	GRCh38	330	169	25	47863818397	2016-09-13
87	GRCh38	330	169	25	47863818397	2016-12-08
88	GRCh38	361	169	25	51067581891	2017-03-06
89	GRCh38	361	169	25	51067581891	2017-05-07
90	GRCh38	361	169	25	51067581891	2017-07-21
91	GRCh38	361	169	25	51067581891	2017-11-22
92	GRCh38	399	169	25	56910340714	2018-03-08
93	GRCh38	399	169	25	56910340714	2018-06-11
94	GRCh38	399	169	25	56910340714	2018-09-04
95	GRCh38	399	169	25	56910340714	2018-11-24
96	GRCh38	399	169	25	56910340714	2019-03-11
97	GRCh38	399	169	25	56910340714	2019-05-24
98	GRCh38	445	169	25	63139886602	2019-08-28
99	GRCh38	445	169	25	63139886602	2019-11-19
100	GRCh38	445	169	25	63139886602	2020-03-05
101	GRCh38	445	169	25	63139886602	2020-07-11
102	GRCh38	445	169	25	63139886602	2020-10-19
103	GRCh38	445	169	25	63139886602	2020-12-22
104	GRCh38	445	169	25	63139886602	2021-03-31
105	GRCh38	445	169	25	63139886602	2021-06-18
106	GRCh38	445	169	25	63139886602	2022-02-21
107	GRCh38	445	169	25	63139886602	2022-06-04
108	GRCh38	445	169	25	63139886602	2022-10-04
109	GRCh38	445	169	25	63139886602	2022-12-13
110	GRCh38	0	681	25	3150091660	2023-04-21
111	GRCh38	0	681	25	3150091660	2023-10-04
112	GRCh38	0	681	25	3150091660	2024-02-13
113	GRCh38	0	681	25	3150091660	2024-08-15
114	GRCh38	0	681	25	3150091660	2025-01-30
115	GRCh38	0	681	25	3150091660	2025-07-07
116	GRCh38	0	681	25	3150091660	2026-03-23
