namespace	alias_rows	distinct_digests	namespace_kind
MD5	1144093	1144093	digest_synthesis
SEGUID	1144093	1144093	digest_synthesis
SHA1	1144093	1144093	digest_synthesis
VMC	1144093	1144093	digest_synthesis
NCBI	885113	689435	biological
Ensembl	388235	347200	biological
GRCh38.p10	998	543	biological
GRCh38.p11	998	543	biological
GRCh38.p8	998	543	biological
GRCh38.p9	998	543	biological
GRCh38.p12	996	542	biological
GRCh38.p7	980	525	biological
GRCh38.p6	976	521	biological
GRCh38.p5	972	517	biological
GRCh38.p4	965	510	biological
GRCh38.p3	949	494	biological
GRCh38.p2	941	486	biological
GRCh38.p1	926	471	biological
GRCh38	910	455	biological
GRCh37.p13	390	297	biological
GRCh37.p12	380	287	biological
GRCh37.p11	373	280	biological
GRCh37.p10	368	275	biological
GRCh37.p9	338	245	biological
GRCh37.p5	291	198	biological
GRCh37.p2	256	163	biological
GRCh37	184	92	biological
NCBI36	149	123	biological
hs37d5	86	86	biological
hs37-1kg	84	84	biological
NCBI35	26	14	biological
JRGv1	25	25	biological
JRGv2	25	25	biological
CHM1_1.1	23	23	biological
NCBI34	3	2	biological
