namespace	alias_rows	distinct_digests
ensembl	1052681	896242
ensembl-116	1052681	896242
refseq	914128	721081
ensembl-115	778858	677498
ensembl-114	535513	491713
ensembl-113	535460	491678
ensembl-112	401263	357725
ensembl-111	399303	356060
ensembl-110	399061	355829
ensembl-109	395831	355655
ensembl-108	395109	354980
ensembl-107	393093	353149
ensembl-106	386872	346868
ensembl-105	384028	344375
ensembl-104	374860	336218
ensembl-103	370945	332802
ensembl-102	366968	329385
ensembl-101	362807	325672
ensembl-100	360291	323437
ensembl-99	360146	323289
ensembl-98	359438	322640
ensembl-97	357419	321475
ensembl-96	338804	302802
ensembl-94	336053	300198
ensembl-95	336053	300198
ensembl-92	331804	296437
ensembl-93	331804	296437
ensembl-90	323538	291209
ensembl-91	323538	291209
ensembl-88	321932	289902
ensembl-89	321932	289902
ensembl-75	320230	285526
ensembl-84	319297	288447
ensembl-85	318276	287819
ensembl-86	318276	287819
ensembl-87	318276	287819
ensembl-83	316819	286183
ensembl-81	314995	285295
ensembl-82	314995	285293
ensembl-79	311348	284207
ensembl-80	311348	284207
ensembl-77	307058	283196
ensembl-78	307058	283201
ensembl-76	306097	282483
lrg	5905	4516
GRCh38.p14	2115	705
GRCh38.p13	1872	639
GRCh38.p12	1642	594
GRCh38.p11	1611	578
GRCh38.p10	1569	557
GRCh38.p9	1557	551
GRCh38.p8	1541	543
GRCh38.p7	1505	525
GRCh38.p6	1497	521
GRCh38.p5	1489	517
GRCh38.p4	1475	510
GRCh38.p3	1443	494
GRCh38.p2	1427	486
GRCh38.p1	1397	471
GRCh38	1365	455
insdc	972	972
GRCh37.p13	687	297
GRCh37.p12	661	284
GRCh37.p11	649	278
GRCh37.p10	643	275
GRCh37.p9	583	245
GRCh37.p5	489	198
GRCh37.p2	419	163
GRCh37	276	92
