seqrepo_namespace	store_namespace	seqrepo_aliases	store_aliases	shared_aliases	shared_digest_agree	shared_digest_mismatch	seqrepo_only_aliases	store_only_aliases
Ensembl	ensembl	388235	1052681	296991	296674	317	91244	755690
GRCh37	GRCh37	184	276	184	184	0	0	92
GRCh37.p10	GRCh37.p10	368	643	368	368	0	0	275
GRCh37.p11	GRCh37.p11	373	649	371	371	0	2	278
GRCh37.p12	GRCh37.p12	380	661	377	377	0	3	284
GRCh37.p13	GRCh37.p13	390	687	390	390	0	0	297
GRCh37.p2	GRCh37.p2	256	419	256	256	0	0	163
GRCh37.p5	GRCh37.p5	291	489	291	291	0	0	198
GRCh37.p9	GRCh37.p9	338	583	338	338	0	0	245
GRCh38	GRCh38	910	1365	910	910	0	0	455
GRCh38.p1	GRCh38.p1	926	1397	926	926	0	0	471
GRCh38.p10	GRCh38.p10	998	1569	998	998	0	0	571
GRCh38.p11	GRCh38.p11	998	1611	998	998	0	0	613
GRCh38.p12	GRCh38.p12	996	1642	996	996	0	0	646
GRCh38.p2	GRCh38.p2	941	1427	941	941	0	0	486
GRCh38.p3	GRCh38.p3	949	1443	949	949	0	0	494
GRCh38.p4	GRCh38.p4	965	1475	965	965	0	0	510
GRCh38.p5	GRCh38.p5	972	1489	972	972	0	0	517
GRCh38.p6	GRCh38.p6	976	1497	976	976	0	0	521
GRCh38.p7	GRCh38.p7	980	1505	980	980	0	0	525
GRCh38.p8	GRCh38.p8	998	1541	998	998	0	0	543
GRCh38.p9	GRCh38.p9	998	1557	998	998	0	0	559
NCBI	refseq	885113	914128	826115	826115	0	58998	88013
