name	digest	ensembl_length	ensembl_md5	baseline_digest_present	ensembl_alias_matches	grch38_name_status	grch38_digest	grch38_length	grch38_md5	same_length	character_differences	ensembl_to_grch38_substitutions
1	2YnepKM7OkBoOrKmvHbGqguVfF9amCST	248956422	2648ae1bacce4ec4b6cf337dcae37816	False	True	different	Ya6Rs7DHhDeg7YaOSg1EoNi3U_nQ9SvO	248956422	6aef897c3d6ff0c78aff06ac189178dd	True	2	"{""N->M"":1,""N->R"":1}"
10	P6q4sxSkFfKZpUgEwW73rx2a2ZYY-_pH	133797422	907112d17fcb73bcab1ed1c72b97ce68	False	True	different	ss8r_wB0-b9r44TQTMmVTI92884QvBiB	133797422	c0eeee7acfdaf31b770a509bdaa6e51a	True	36	"{""N->B"":1,""N->K"":4,""N->M"":3,""N->R"":13,""N->S"":1,""N->W"":6,""N->Y"":8}"
11	2NkFm8HK88MqeNkCgj78KidCAXgnsfV1	135086622	1511375dc2dd1b633af8cf439ae90cec	True	True	same	2NkFm8HK88MqeNkCgj78KidCAXgnsfV1	135086622	1511375dc2dd1b633af8cf439ae90cec	True	0	{}
12	7dzBrNZj_CM_Dg7zLl--e18KI8wVUxEd	133275309	e81e16d3f44337034695a29b97708fce	False	True	different	6wlJpONE3oNb4D69ULmEXhqyDZ4vwNfl	133275309	96e414eace405d8c27a6d35ba19df56f	True	3	"{""N->M"":1,""N->Y"":2}"
13	0qw_sn8Cl7OmMTFlukjFD2DUejW0T80Y	114364328	17dab79b963ccd8e7377cef59a54fe1c	False	True	different	_0wi-qoDrvram155UmcSC-zA5ZK4fpLT	114364328	a5437debe2ef9c9ef8f3ea2874ae1d82	True	3	"{""N->K"":1,""N->Y"":2}"
14	eK4D2MosgK_ivBkgi6FVPg5UXs1bYESm	107043718	acbd9552c059d9b403e75ed26c1ce5bc	True	True	same	eK4D2MosgK_ivBkgi6FVPg5UXs1bYESm	107043718	acbd9552c059d9b403e75ed26c1ce5bc	True	0	{}
15	AsXvWL1-2i5U_buw6_niVIxD6zTbAuS6	101991189	f036bd11158407596ca6bf3581454706	True	True	same	AsXvWL1-2i5U_buw6_niVIxD6zTbAuS6	101991189	f036bd11158407596ca6bf3581454706	True	0	{}
16	EjrUp_S2oCd2b_SdqeZeOYUkEC966iVh	90338345	24e7cabfba3548a2bb4dff582b9ee870	False	True	different	yC_0RBj3fgBlvgyAuycbzdubtLxq-rE0	90338345	db2d37c8b7d019caaf2dd64ba3a6f33a	True	1	"{""N->R"":1}"
17	upqChCoU-Gtd_61IidCsln-r8cxUTFeP	83257441	a8499ca51d6fb77332c2d242923994eb	False	True	different	dLZ15tNO1Ur0IcGjwc3Sdi_0A6Yf4zm7	83257441	f9a0fb01553adb183568e3eb9d8626db	True	12	"{""N->K"":2,""N->R"":3,""N->S"":1,""N->W"":1,""N->Y"":5}"
18	vWwFhJ5lQDMhh-czg06YtlWqu0lvFAZV	80373285	11eeaa801f6b0e2e36a1138616b8ee9a	True	True	same	vWwFhJ5lQDMhh-czg06YtlWqu0lvFAZV	80373285	11eeaa801f6b0e2e36a1138616b8ee9a	True	0	{}
19	IIB53T8CNeJJdUqzn9V_JnRtQadwWCbl	58617616	b0eba2c7bb5c953d1e06a508b5e487de	True	True	same	IIB53T8CNeJJdUqzn9V_JnRtQadwWCbl	58617616	b0eba2c7bb5c953d1e06a508b5e487de	True	0	{}
2	lwDyBi432Py-7xnAISyQlnlhWDEaBPv2	242193529	4bb4f82880a14111eb7327169ffb729b	False	True	different	pnAqCRBrTsUoBghSD1yp_jXWSmlbdh4g	242193529	f98db672eb0993dcfdabafe2a882905c	True	9	"{""N->K"":1,""N->M"":1,""N->R"":1,""N->W"":2,""N->Y"":4}"
20	-A1QmD_MatoqxvgVxBLZTONHz9-c7nQo	64444167	b18e6c531b0bd70e949a7fc20859cb01	True	True	same	-A1QmD_MatoqxvgVxBLZTONHz9-c7nQo	64444167	b18e6c531b0bd70e949a7fc20859cb01	True	0	{}
21	GXCqkr6wwzuwvHIzIV9oSL8FQWHf01gu	46709983	2f45a3455007b7e271509161e52954a9	False	True	different	5ZUqxCmDDgN4xTRbaSjN8LwgZironmB8	46709983	eefe014d35decf90afde7b37e9954554	True	3	"{""N->M"":2,""N->R"":1}"
22	D-dPEQb7gCnqcgG-1dTQYUYwqQFsbIEZ	50818468	221733a2a15e2de66d33e73d126c5109	False	True	different	7B7SHsmchAR0dFcDCuSFjJAo7tX87krQ	50818468	1e99fda391b161380436bb74db8a68ba	True	5	"{""N->R"":2,""N->W"":1,""N->Y"":2}"
3	Eqk6_SvMMDCc6C-uEfickOUWTatLMDQZ	198295559	a48af509898d3736ba95dc0912c0b461	False	True	different	Zu7h9AggXxhTaGVsy7h_EZSChSZGcmgX	198295559	76635a41ea913a405ded820447d067b0	True	7	"{""N->B"":1,""N->R"":1,""N->W"":2,""N->Y"":3}"
4	HxuclGHh0XCDuF8x6yQrpHUBL7ZntAHc	190214555	3210fecf1eb92d5489da4346b3fddc6e	True	True	same	HxuclGHh0XCDuF8x6yQrpHUBL7ZntAHc	190214555	3210fecf1eb92d5489da4346b3fddc6e	True	0	{}
5	aUiQCzCPZ2d0csHbMSbh2NzInhonSXwI	181538259	f7f05fb7ceea78cbc32ce652c540ff2d	True	True	same	aUiQCzCPZ2d0csHbMSbh2NzInhonSXwI	181538259	f7f05fb7ceea78cbc32ce652c540ff2d	True	0	{}
6	ON7LW9RjKnerzJ6gGZeuA4_yhG1_Kllz	170805979	6a48dfa97e854e3c6f186c8ff973f7dd	False	True	different	0iKlIQk2oZLoeOG9P1riRU6hvL5Ux8TV	170805979	5691468a67c7e7a7b5f2a3a683792c29	True	1	"{""N->Y"":1}"
7	KZ9qSyP_4fsfj3sWAH9JfhGbo5jeo6Bh	159345973	94eef2b96fd5a7c8db162c8c74378039	False	True	different	F-LrLMe1SRpfUZHkQmvkVKFEGaoDeHul	159345973	cc044cc2256a1141212660fb07b6171e	True	4	"{""N->R"":1,""N->S"":1,""N->Y"":2}"
8	209Z7zJ-mFypBEWLk4rNC6S_OxY5p7bs	145138636	c67955b5f7815a9a1edfaa15893d3616	True	True	same	209Z7zJ-mFypBEWLk4rNC6S_OxY5p7bs	145138636	c67955b5f7815a9a1edfaa15893d3616	True	0	{}
9	9L7suHIpuSSW4yR5hxkc1Fl_60yfIEYl	138394717	addd2795560986b7491c40b1faa3978a	False	True	different	KEO-4XBcm1cxeo_DIQ8_ofqGUkp4iZhI	138394717	6c198acf68b5af7b9d676dfdd531b5de	True	3	"{""N->R"":1,""N->Y"":2}"
MT	k3grVkjY-hoWcCUojHw6VU6GE3MZ8Sct	16569	c68f52674c9fb33aef52dcf399755519	True	True	same	k3grVkjY-hoWcCUojHw6VU6GE3MZ8Sct	16569	c68f52674c9fb33aef52dcf399755519	True	0	{}
X	czClh4sOGr9Hhe3dlyWtKy_PMZtYeMsf	156040895	49527016a48497d9d1cbd8e4a9049bd3	False	True	different	w0WZEvgJF0zf_P4yyTzjjv9oW1z61HHP	156040895	2b3a55ff7f58eb308420c8a9b11cac50	True	5	"{""N->R"":1,""N->S"":1,""N->W"":1,""N->Y"":2}"
Y	CBBenLVXTI0Elk41CQb56yfEQVwGoa1V	57227415	b2b7e6369564d89059e763cd6e736837	False	True	different	8_liLu1aycC0tPQPFmUaGXJLDs5SbPZ5	57227415	447f54a94ef525e42ce58d3e0c48b3f8	True	5	"{""N->R"":1,""N->S"":1,""N->W"":1,""N->Y"":2}"
KI270728.1	b85GOvHcLhKB5UzO54jFwrXe2HKwfQab	1872759	369ff74cf36683b3066a2ca929d9c40d	True	True	same	b85GOvHcLhKB5UzO54jFwrXe2HKwfQab	1872759	369ff74cf36683b3066a2ca929d9c40d	True	0	{}
KI270727.1	g1ko5PoH_AMkMOJA5I5iAsj2HRMdoXt2	448248	84fe18a7bf03f3b7fc76cbac8eb583f1	True	True	same	g1ko5PoH_AMkMOJA5I5iAsj2HRMdoXt2	448248	84fe18a7bf03f3b7fc76cbac8eb583f1	True	0	{}
KI270442.1	HImND0cIlPCdycJ2DwnTMpO7nb-njdnZ	392061	796289c4cda40e358991f9e672490015	True	True	same	HImND0cIlPCdycJ2DwnTMpO7nb-njdnZ	392061	796289c4cda40e358991f9e672490015	True	0	{}
KI270729.1	FG-aJRTsNPoh6CI3TyH5R3dX4tSX1RYz	280839	2756f6ee4f5780acce31e995443508b6	True	True	same	FG-aJRTsNPoh6CI3TyH5R3dX4tSX1RYz	280839	2756f6ee4f5780acce31e995443508b6	True	0	{}
GL000225.1	KuhqeekACzuyI14I7mL58jVhKFU3Sm_6	211173	63945c3e6962f28ffd469719a747e73c	True	True	same	KuhqeekACzuyI14I7mL58jVhKFU3Sm_6	211173	63945c3e6962f28ffd469719a747e73c	True	0	{}
KI270743.1	zVy5wV-ddOi6LDlcI6SkP2onKRUaFpYE	210658	3b62d9d3100f530d509e4efebd98502c	True	True	same	zVy5wV-ddOi6LDlcI6SkP2onKRUaFpYE	210658	3b62d9d3100f530d509e4efebd98502c	True	0	{}
GL000008.2	au9Wj9AQZTJdljZ35xQkr5s5SbLOrGDT	209709	a999388c587908f80406444cebe80ba3	True	True	same	au9Wj9AQZTJdljZ35xQkr5s5SbLOrGDT	209709	a999388c587908f80406444cebe80ba3	True	0	{}
GL000009.2	K_ieIfNIy1Ktulg8QSlhvJvm_1uQOtjD	201709	862f555045546733591ff7ab15bcecbe	True	True	same	K_ieIfNIy1Ktulg8QSlhvJvm_1uQOtjD	201709	862f555045546733591ff7ab15bcecbe	True	0	{}
KI270747.1	XTO1dKsAf02p_KSAp5mzTEwX-jIqZqGb	198735	62375d812ece679c9fd2f3d08d4e22a4	True	True	same	XTO1dKsAf02p_KSAp5mzTEwX-jIqZqGb	198735	62375d812ece679c9fd2f3d08d4e22a4	True	0	{}
KI270722.1	YgNzI4wbLo1nMEFzDyNIbj5tDLPehvB5	194050	51f46c9093929e6edc3b4dfd50d803fc	True	True	same	YgNzI4wbLo1nMEFzDyNIbj5tDLPehvB5	194050	51f46c9093929e6edc3b4dfd50d803fc	True	0	{}
GL000194.1	WyYCLC4VxJvbBz2b_wBWF5BdQotiUVdB	191469	6ac8f815bf8e845bb3031b73f812c012	True	True	same	WyYCLC4VxJvbBz2b_wBWF5BdQotiUVdB	191469	6ac8f815bf8e845bb3031b73f812c012	True	0	{}
KI270742.1	aW8UVG5HFRf7LTM7RL4t9XmazcDk-0sV	186739	2f31c013a4a8301deb8ab7ed1ca1cd99	True	True	same	aW8UVG5HFRf7LTM7RL4t9XmazcDk-0sV	186739	2f31c013a4a8301deb8ab7ed1ca1cd99	True	0	{}
GL000205.2	SY1vuAfNO9QdpxZZiP6LzYAvmpXSVwtP	185591	458e71cd53dd1df4083dc7983a6c82c4	True	True	same	SY1vuAfNO9QdpxZZiP6LzYAvmpXSVwtP	185591	458e71cd53dd1df4083dc7983a6c82c4	True	0	{}
GL000195.1	2LEWMcieZGf9Sx4VpEeWSDcULUVHGm0w	182896	5d9ec007868d517e73543b005ba48535	True	True	same	2LEWMcieZGf9Sx4VpEeWSDcULUVHGm0w	182896	5d9ec007868d517e73543b005ba48535	True	0	{}
KI270736.1	LwWuUnUfybOKDgkhEOYvRjat-JKJBtrH	181920	2ff189f33cfa52f321accddf648c5616	True	True	same	LwWuUnUfybOKDgkhEOYvRjat-JKJBtrH	181920	2ff189f33cfa52f321accddf648c5616	True	0	{}
KI270733.1	PCEl4_JZYAoEuSsG3HL2YR6AJ5DcRglz	179772	f1fa05d48bb0c1f87237a28b66f0be0b	True	True	same	PCEl4_JZYAoEuSsG3HL2YR6AJ5DcRglz	179772	f1fa05d48bb0c1f87237a28b66f0be0b	True	0	{}
GL000224.1	7Fmp4pU2KBOtIhW2ZeL6CXxGP4sy606F	179693	d5b2fc04f6b41b212a4198a07f450e20	True	True	same	7Fmp4pU2KBOtIhW2ZeL6CXxGP4sy606F	179693	d5b2fc04f6b41b212a4198a07f450e20	True	0	{}
GL000219.1	czO0uwJ6D8tZofzgHPDVnGO6bfq-kYNX	179198	f977edd13bac459cb2ed4a5457dba1b3	True	True	same	czO0uwJ6D8tZofzgHPDVnGO6bfq-kYNX	179198	f977edd13bac459cb2ed4a5457dba1b3	True	0	{}
KI270719.1	UpAU2RxXhtmXwip54NaWA7_iVaHV86H_	176845	cd5e932cfc4c74d05bb64e2126873a3a	True	True	same	UpAU2RxXhtmXwip54NaWA7_iVaHV86H_	176845	cd5e932cfc4c74d05bb64e2126873a3a	True	0	{}
GL000216.2	zafuU-XCGBovdatN_6YI7hiHSTjqE649	176608	725009a7e3f5b78752b68afa922c090c	True	True	same	zafuU-XCGBovdatN_6YI7hiHSTjqE649	176608	725009a7e3f5b78752b68afa922c090c	True	0	{}
KI270712.1	bmj6ZNLywBdBQAT_MPbShYgYkxalJOtc	176043	c38a0fecae6a1838a405406f724d6838	True	True	same	bmj6ZNLywBdBQAT_MPbShYgYkxalJOtc	176043	c38a0fecae6a1838a405406f724d6838	True	0	{}
KI270706.1	okgtEs0DCmkmjr_v44IdOe1ryLBi-sgX	175055	62def1a794b3e18192863d187af956e6	True	True	same	okgtEs0DCmkmjr_v44IdOe1ryLBi-sgX	175055	62def1a794b3e18192863d187af956e6	True	0	{}
KI270725.1	XqQFT2CFmizvqSSAFOK5n8yAtrQMpq01	172810	edc6402e58396b90b8738a5e37bf773d	True	True	same	XqQFT2CFmizvqSSAFOK5n8yAtrQMpq01	172810	edc6402e58396b90b8738a5e37bf773d	True	0	{}
KI270744.1	VX_kUKgy_KDDbEyY50N0jliHYLW5BUty	168472	e90aee46b947ff8c32291a6843fde3f9	True	True	same	VX_kUKgy_KDDbEyY50N0jliHYLW5BUty	168472	e90aee46b947ff8c32291a6843fde3f9	True	0	{}
KI270734.1	YMVH9hynzhX7jFuljLYBRj5plZj_aY6i	165050	1d17410ae2569c758e6dd51616412d32	True	True	same	YMVH9hynzhX7jFuljLYBRj5plZj_aY6i	165050	1d17410ae2569c758e6dd51616412d32	True	0	{}
GL000213.1	1VIfWolFZeqoQU6YO0aj1Vhol9OZPRak	164239	9d424fdcc98866650b58f004080a992a	True	True	same	1VIfWolFZeqoQU6YO0aj1Vhol9OZPRak	164239	9d424fdcc98866650b58f004080a992a	True	0	{}
GL000220.1	PED4eU6aiTLsufXivhyWGjbU486sfgsT	161802	fc35de963c57bf7648429e6454f1c9db	True	True	same	PED4eU6aiTLsufXivhyWGjbU486sfgsT	161802	fc35de963c57bf7648429e6454f1c9db	True	0	{}
KI270715.1	viZKeEZQfWivgcXlUlmIH2MkU_KeaxWm	161471	b65a8af1d7bbb7f3c77eea85423452bb	True	True	same	viZKeEZQfWivgcXlUlmIH2MkU_KeaxWm	161471	b65a8af1d7bbb7f3c77eea85423452bb	True	0	{}
GL000218.1	sdL1gDzRGFP-F9sMKtNLSRAnQ-BC84H-	161147	1d708b54644c26c7e01c2dad5426d38c	True	True	same	sdL1gDzRGFP-F9sMKtNLSRAnQ-BC84H-	161147	1d708b54644c26c7e01c2dad5426d38c	True	0	{}
KI270749.1	7g2-d4tNc0906VBAExkyOCN41_t77Ady	158759	c899a7b4e911d371283f3f4058ca08b7	True	True	same	7g2-d4tNc0906VBAExkyOCN41_t77Ady	158759	c899a7b4e911d371283f3f4058ca08b7	True	0	{}
KI270741.1	DHqk0kFJn2pE--tUJJMcv37PvtwTb3bu	157432	86eaea8a15a3950e37442eaaa5c9dc92	True	True	same	DHqk0kFJn2pE--tUJJMcv37PvtwTb3bu	157432	86eaea8a15a3950e37442eaaa5c9dc92	True	0	{}
GL000221.1	4B6-ZKomKbCP3qJdfB8XKcD2ENOifPCf	155397	3238fb74ea87ae857f9c7508d315babb	True	True	same	4B6-ZKomKbCP3qJdfB8XKcD2ENOifPCf	155397	3238fb74ea87ae857f9c7508d315babb	True	0	{}
KI270716.1	4B1F4oQX-aalUfQzIGiGSNqfMPjtbK8O	153799	2828e63b8edc5e845bf48e75fbad2926	True	True	same	4B1F4oQX-aalUfQzIGiGSNqfMPjtbK8O	153799	2828e63b8edc5e845bf48e75fbad2926	True	0	{}
KI270731.1	cufLdFcVlV7oAkQv33aPv_cMjDtaY77f	150754	8176d9a20401e8d9f01b7ca8b51d9c08	True	True	same	cufLdFcVlV7oAkQv33aPv_cMjDtaY77f	150754	8176d9a20401e8d9f01b7ca8b51d9c08	True	0	{}
KI270751.1	2N9rNY_Y-CzN1Ck9n_QM21lHxxhDFsgh	150742	1b758bbdee0e9ca882058d916cba9d29	True	True	same	2N9rNY_Y-CzN1Ck9n_QM21lHxxhDFsgh	150742	1b758bbdee0e9ca882058d916cba9d29	True	0	{}
KI270750.1	EKEB8i2c_jLWqnhMMXfC71egt456kBwK	148850	c022ba92f244b7dc54ea90c4eef4d554	True	True	same	EKEB8i2c_jLWqnhMMXfC71egt456kBwK	148850	c022ba92f244b7dc54ea90c4eef4d554	True	0	{}
KI270519.1	IpxD9OiiVt8_Xfbj35qc74pGIe0wL9vT	138126	8d754e9c9afd904fba0a2cd577fcc9a1	True	True	same	IpxD9OiiVt8_Xfbj35qc74pGIe0wL9vT	138126	8d754e9c9afd904fba0a2cd577fcc9a1	True	0	{}
GL000214.1	c4RwKvyuoOY9ze9WWPojiKz6r2znHArq	137718	46c2032c37f2ed899eb41c0473319a69	True	True	same	c4RwKvyuoOY9ze9WWPojiKz6r2znHArq	137718	46c2032c37f2ed899eb41c0473319a69	True	0	{}
KI270708.1	Q3uO3tBy4rEk2doAT5RErajZDnO3NYXn	127682	1e95e047b98ed92148dd84d6c037158c	True	True	same	Q3uO3tBy4rEk2doAT5RErajZDnO3NYXn	127682	1e95e047b98ed92148dd84d6c037158c	True	0	{}
KI270730.1	pLSdWslH4snX9PEM58OmHaOvSZpcx-iY	112551	48f98ede8e28a06d241ab2e946c15e07	True	True	same	pLSdWslH4snX9PEM58OmHaOvSZpcx-iY	112551	48f98ede8e28a06d241ab2e946c15e07	True	0	{}
KI270438.1	AAz_X-pX0qB38aQc6x_FTOb2jn_5UT7a	112505	e765271939b854dd6826aa764e930c87	True	True	same	AAz_X-pX0qB38aQc6x_FTOb2jn_5UT7a	112505	e765271939b854dd6826aa764e930c87	True	0	{}
KI270737.1	9r249PLmoffyCFtwU8iAsHO-rd04vwjU	103838	2ea8bc113a8193d1d700b584b2c5f42a	True	True	same	9r249PLmoffyCFtwU8iAsHO-rd04vwjU	103838	2ea8bc113a8193d1d700b584b2c5f42a	True	0	{}
KI270721.1	AhP81OHpo8WmXgWrmSbwzexaFKNa3m8d	100316	9654b5d3f36845bb9d19a6dbd15d2f22	True	True	same	AhP81OHpo8WmXgWrmSbwzexaFKNa3m8d	100316	9654b5d3f36845bb9d19a6dbd15d2f22	True	0	{}
KI270738.1	cACt-RmXgBRdwPfOzltFbwDwKoo_GuMn	99375	854ec525c7b6a79e7268f515b6a9877c	True	True	same	cACt-RmXgBRdwPfOzltFbwDwKoo_GuMn	99375	854ec525c7b6a79e7268f515b6a9877c	True	0	{}
KI270748.1	dZTKCwLCSf-DUdBmvMsuNHS_vCstw8s0	93321	4f6c6ab005c852a4352aa33e7cc88ded	True	True	same	dZTKCwLCSf-DUdBmvMsuNHS_vCstw8s0	93321	4f6c6ab005c852a4352aa33e7cc88ded	True	0	{}
KI270435.1	OL8YZe5yEY3GPXh38qaVbtHm4uEcSm_J	92983	1655c75415b9c29e143a815f44286d05	True	True	same	OL8YZe5yEY3GPXh38qaVbtHm4uEcSm_J	92983	1655c75415b9c29e143a815f44286d05	True	0	{}
GL000208.1	xg302f-VLyLkkjPMrv8ejUHv4XrETznB	92689	aa81be49bf3fe63a79bdc6a6f279abf6	True	True	same	xg302f-VLyLkkjPMrv8ejUHv4XrETznB	92689	aa81be49bf3fe63a79bdc6a6f279abf6	True	0	{}
KI270538.1	63KEzgQl9n4E7guLzaB12sMe2B5HTDLH	91309	d60b72221cc7af871f2c757577e4c92a	True	True	same	63KEzgQl9n4E7guLzaB12sMe2B5HTDLH	91309	d60b72221cc7af871f2c757577e4c92a	True	0	{}
KI270756.1	YAVAIDpmW0T9Y8em7VFGpwv5v5koUJU3	79590	2996b120a5a5e15dab6555f0bf92e374	True	True	same	YAVAIDpmW0T9Y8em7VFGpwv5v5koUJU3	79590	2996b120a5a5e15dab6555f0bf92e374	True	0	{}
KI270739.1	dj2HV8_ASYLU3cdll0otT1NUD3Zg9qXh	73985	760fbd73515fedcc9f37737c4a722d6a	True	True	same	dj2HV8_ASYLU3cdll0otT1NUD3Zg9qXh	73985	760fbd73515fedcc9f37737c4a722d6a	True	0	{}
KI270757.1	yBWLuxF_ypkns8q9zBWGp1nznGHHGIe_	71251	174c73b60b41d8a1ef0fbaa4b3bdf0d3	True	True	same	yBWLuxF_ypkns8q9zBWGp1nznGHHGIe_	71251	174c73b60b41d8a1ef0fbaa4b3bdf0d3	True	0	{}
KI270709.1	SZbCT69Typl0CHo8XCuTJQPtWtPp41SK	66860	4e2db2933ea96aee8dab54af60ecb37d	True	True	same	SZbCT69Typl0CHo8XCuTJQPtWtPp41SK	66860	4e2db2933ea96aee8dab54af60ecb37d	True	0	{}
KI270746.1	SUWAToHdyaciFvEh1V07FN4RXg9L-jrF	66486	c470486a0a858e14aa21d7866f83cc17	True	True	same	SUWAToHdyaciFvEh1V07FN4RXg9L-jrF	66486	c470486a0a858e14aa21d7866f83cc17	True	0	{}
KI270753.1	ppBUwlZG_sITzKDbNzcpublyDyzEkg7M	62944	25075fb2a1ecada67c0eb2f1fe0c7ec9	True	True	same	ppBUwlZG_sITzKDbNzcpublyDyzEkg7M	62944	25075fb2a1ecada67c0eb2f1fe0c7ec9	True	0	{}
KI270589.1	mLliKkGv9SGt6l8kH3bwRYSRbC-xgjM1	44474	211c215414693fe0a2399cf82e707e03	True	True	same	mLliKkGv9SGt6l8kH3bwRYSRbC-xgjM1	44474	211c215414693fe0a2399cf82e707e03	True	0	{}
KI270726.1	aIC_CWyHqvjSCj1cl9xwoYvDu0CD4CRX	43739	fbe54a3197e2b469ccb2f4b161cfbe86	True	True	same	aIC_CWyHqvjSCj1cl9xwoYvDu0CD4CRX	43739	fbe54a3197e2b469ccb2f4b161cfbe86	True	0	{}
KI270735.1	dLc_hFQMD4mA0XaddSks68eyXxdWxkAG	42811	eb6b07b73dd9a47252098ed3d9fb78b8	True	True	same	dLc_hFQMD4mA0XaddSks68eyXxdWxkAG	42811	eb6b07b73dd9a47252098ed3d9fb78b8	True	0	{}
KI270711.1	2jZ5Lef7x4Vq6-91MsEwRX25EIhxKmBv	42210	af383f98cf4492c1f1c4e750c26cbb40	True	True	same	2jZ5Lef7x4Vq6-91MsEwRX25EIhxKmBv	42210	af383f98cf4492c1f1c4e750c26cbb40	True	0	{}
KI270745.1	xhH1KtABKub_tGnf5AvBRHer6N-X30-1	41891	1386fe3de6f82956f2124e19353ff9c1	True	True	same	xhH1KtABKub_tGnf5AvBRHer6N-X30-1	41891	1386fe3de6f82956f2124e19353ff9c1	True	0	{}
KI270714.1	EZrqi-t8P7zw5KgeeTYANzZJFfHAAotB	41717	42f7a452b8b769d051ad738ee9f00631	True	True	same	EZrqi-t8P7zw5KgeeTYANzZJFfHAAotB	41717	42f7a452b8b769d051ad738ee9f00631	True	0	{}
KI270732.1	dEH0fJtUnIxkyUq1EaNH_NbLIl6v54Md	41543	d837bab5e416450df6e1038ae6cd0817	True	True	same	dEH0fJtUnIxkyUq1EaNH_NbLIl6v54Md	41543	d837bab5e416450df6e1038ae6cd0817	True	0	{}
KI270713.1	QQ5hn1CY5aDzn8TdrkZ7koEaRSrugq2f	40745	cb78d48cc0adbc58822a1c6fe89e3569	True	True	same	QQ5hn1CY5aDzn8TdrkZ7koEaRSrugq2f	40745	cb78d48cc0adbc58822a1c6fe89e3569	True	0	{}
KI270754.1	gD8mEtavw4FpPORpnYPQmZpBUFaeSXNh	40191	fe9e16233cecbc244f06f3acff3d03b8	True	True	same	gD8mEtavw4FpPORpnYPQmZpBUFaeSXNh	40191	fe9e16233cecbc244f06f3acff3d03b8	True	0	{}
KI270710.1	MvS9OEU0ldkIVyhI9sjlGLz_Xab7QMVi	40176	9949f776680c6214512ee738ac5da289	True	True	same	MvS9OEU0ldkIVyhI9sjlGLz_Xab7QMVi	40176	9949f776680c6214512ee738ac5da289	True	0	{}
KI270717.1	BigIyI3QfVcuJ_DY1bDpn7S3OZDeWepW	40062	796773a1ee67c988b4de887addbed9e7	True	True	same	BigIyI3QfVcuJ_DY1bDpn7S3OZDeWepW	40062	796773a1ee67c988b4de887addbed9e7	True	0	{}
KI270724.1	o0LCyl_OhEGuybycNH1TadSm9b8q6wuz	39555	c3fcb15dddf45f91ef7d94e2623ce13b	True	True	same	o0LCyl_OhEGuybycNH1TadSm9b8q6wuz	39555	c3fcb15dddf45f91ef7d94e2623ce13b	True	0	{}
KI270720.1	DhsZh12tahSItS53KzsS7GX8wqc4bL-T	39050	8c2683400a4aeeb40abff96652b9b127	True	True	same	DhsZh12tahSItS53KzsS7GX8wqc4bL-T	39050	8c2683400a4aeeb40abff96652b9b127	True	0	{}
KI270723.1	_d5lr3gQr1_trmVx4lU81rTEN8xNLmxc	38115	74a4b480675592095fb0c577c515b5df	True	True	same	_d5lr3gQr1_trmVx4lU81rTEN8xNLmxc	38115	74a4b480675592095fb0c577c515b5df	True	0	{}
KI270718.1	vP7iAgOn0tE-Z8r6N3OhXoEBHm5qkPww	38054	b0c463c8efa8d64442b48e936368dad5	True	True	same	vP7iAgOn0tE-Z8r6N3OhXoEBHm5qkPww	38054	b0c463c8efa8d64442b48e936368dad5	True	0	{}
KI270317.1	4N0fxRAxFCmrIVJjaxfkY96Piqt5t-zQ	37690	cd4b1fda800f6ec9ea8001994dbf6499	True	True	same	4N0fxRAxFCmrIVJjaxfkY96Piqt5t-zQ	37690	cd4b1fda800f6ec9ea8001994dbf6499	True	0	{}
KI270740.1	YmC9wASHjb31TtJqTT4ke2i0mVYtcfW3	37240	69e42252aead509bf56f1ea6fda91405	True	True	same	YmC9wASHjb31TtJqTT4ke2i0mVYtcfW3	37240	69e42252aead509bf56f1ea6fda91405	True	0	{}
KI270755.1	8x77NiHXl6_fz1CDtziBovEdSYJ5JPcd	36723	4a7da6a658955bd787af8add3ccb5751	True	True	same	8x77NiHXl6_fz1CDtziBovEdSYJ5JPcd	36723	4a7da6a658955bd787af8add3ccb5751	True	0	{}
KI270707.1	_8ce8l5F3z9WikmpRdxGAF7nV73j_ql6	32032	78135804eb15220565483b7cdd02f3be	True	True	same	_8ce8l5F3z9WikmpRdxGAF7nV73j_ql6	32032	78135804eb15220565483b7cdd02f3be	True	0	{}
KI270579.1	7zrqoHukEtT2W1rn-FHkAC7-SGrX7IQ7	31033	fe62fb1964002717cc1b034630e89b1f	True	True	same	7zrqoHukEtT2W1rn-FHkAC7-SGrX7IQ7	31033	fe62fb1964002717cc1b034630e89b1f	True	0	{}
KI270752.1	2xd_KJyoRn5IONHCVH99fbct9u4JYdti	27745	e0880631848337bd58559d9b1519da63	True	True	same	2xd_KJyoRn5IONHCVH99fbct9u4JYdti	27745	e0880631848337bd58559d9b1519da63	True	0	{}
KI270512.1	vDLj2_a2LHx8wj6w6bsTdHLnmpaBso_t	22689	ba1021c82d1230af856f59079e2f71b4	True	True	same	vDLj2_a2LHx8wj6w6bsTdHLnmpaBso_t	22689	ba1021c82d1230af856f59079e2f71b4	True	0	{}
KI270322.1	FgYozfBAkO9vR3nB463Ms4Z7kmkLwap8	21476	7d459255d1c54369e3b64e719061a5a5	True	True	same	FgYozfBAkO9vR3nB463Ms4Z7kmkLwap8	21476	7d459255d1c54369e3b64e719061a5a5	True	0	{}
GL000226.1	rJFy652rJMoL5PqH-PiqrJ1zpHc4uUiz	15008	1c1b2cd1fccbc0a99b6a447fa24d1504	True	True	same	rJFy652rJMoL5PqH-PiqrJ1zpHc4uUiz	15008	1c1b2cd1fccbc0a99b6a447fa24d1504	True	0	{}
KI270311.1	BnQjnH6q_lqHCyYLG_WLEDKaCex3Uapu	12399	59594f9012d8ce21ed5d1119c051a2ba	True	True	same	BnQjnH6q_lqHCyYLG_WLEDKaCex3Uapu	12399	59594f9012d8ce21ed5d1119c051a2ba	True	0	{}
KI270366.1	zT-8kiQPyBF2erK-TIC-xDj2lfwGuE3U	8320	44a0b65b7ba6bcff37eca202e7d966ea	True	True	same	zT-8kiQPyBF2erK-TIC-xDj2lfwGuE3U	8320	44a0b65b7ba6bcff37eca202e7d966ea	True	0	{}
KI270511.1	wVUftDlkFY-eI-NV-qCy9MWv13siqnYy	8127	907ca34a4a2a6673632ebaf513a4c1a4	True	True	same	wVUftDlkFY-eI-NV-qCy9MWv13siqnYy	8127	907ca34a4a2a6673632ebaf513a4c1a4	True	0	{}
KI270448.1	OEoz1zWibkMlOQ3gIZBSoNsvbdmdMJlZ	7992	0f40827c265cb813b6e723da6c9b926b	True	True	same	OEoz1zWibkMlOQ3gIZBSoNsvbdmdMJlZ	7992	0f40827c265cb813b6e723da6c9b926b	True	0	{}
KI270521.1	r4jjK8iybJr5jt4ozg3hY9d6GuNLRwNH	7642	af5bef7cefec7bd7efa729ac6c5be088	True	True	same	r4jjK8iybJr5jt4ozg3hY9d6GuNLRwNH	7642	af5bef7cefec7bd7efa729ac6c5be088	True	0	{}
KI270581.1	2z93I9Tkn7buVUT4hkXgxRSUf52vA1SH	7046	9f26945f9f9b3f865c9ebe953cbbc1a9	True	True	same	2z93I9Tkn7buVUT4hkXgxRSUf52vA1SH	7046	9f26945f9f9b3f865c9ebe953cbbc1a9	True	0	{}
KI270582.1	ySBpzLPZHSW6VUdYp-tGVdjJeOfsVLTa	6504	6fd9804a7478d2e28160fe9f017689cb	True	True	same	ySBpzLPZHSW6VUdYp-tGVdjJeOfsVLTa	6504	6fd9804a7478d2e28160fe9f017689cb	True	0	{}
KI270515.1	QjGCbQg1vhoH_uNIHUE_fv1-477g8r1G	6361	dd7527ee8e0bdb0a43ca0b2a5456c8c3	True	True	same	QjGCbQg1vhoH_uNIHUE_fv1-477g8r1G	6361	dd7527ee8e0bdb0a43ca0b2a5456c8c3	True	0	{}
KI270588.1	bKYNl83yLynDj6VARTeJYmgXb_8pL4-N	6158	37ffa850e69b342a8f8979bd3ffc77d4	True	True	same	bKYNl83yLynDj6VARTeJYmgXb_8pL4-N	6158	37ffa850e69b342a8f8979bd3ffc77d4	True	0	{}
KI270591.1	P-qtZx-46CCrfpOwAnRRaQ-_fXM47x29	5796	d6af509d69835c9ac25a30086e5a4051	True	True	same	P-qtZx-46CCrfpOwAnRRaQ-_fXM47x29	5796	d6af509d69835c9ac25a30086e5a4051	True	0	{}
KI270522.1	7B6iWftXnP2ZsUn1N3IFai45KfGmIVWi	5674	070b4678e22501029c2e3297115216bc	True	True	same	7B6iWftXnP2ZsUn1N3IFai45KfGmIVWi	5674	070b4678e22501029c2e3297115216bc	True	0	{}
KI270507.1	J2akr9kmBxkY3ZFmieOubOe1p6EFfMwY	5353	311894d0a815eb07c5cac49da851cb4a	True	True	same	J2akr9kmBxkY3ZFmieOubOe1p6EFfMwY	5353	311894d0a815eb07c5cac49da851cb4a	True	0	{}
KI270590.1	FnjLHRbZQ0-daOR8wKor14vwkaFL6hNs	4685	e8a57f147561b361091791b9010cd28b	True	True	same	FnjLHRbZQ0-daOR8wKor14vwkaFL6hNs	4685	e8a57f147561b361091791b9010cd28b	True	0	{}
KI270584.1	pZbsVn1ytEQNOzViD_Rvq9YbTSgBjuW_	4513	d93636c9d54abd013cfc0d4c01334032	True	True	same	pZbsVn1ytEQNOzViD_Rvq9YbTSgBjuW_	4513	d93636c9d54abd013cfc0d4c01334032	True	0	{}
KI270320.1	vEUEOR8vm2bUdbNttqz7BzDQoUkvNvQi	4416	d898b9c5a0118e76481bf5695272959e	True	True	same	vEUEOR8vm2bUdbNttqz7BzDQoUkvNvQi	4416	d898b9c5a0118e76481bf5695272959e	True	0	{}
KI270382.1	KQZyMeKEPHfeYKYX79PyAoyajaqE30_E	4215	e7085cdcee6ad62f359744e13d3209fc	True	True	same	KQZyMeKEPHfeYKYX79PyAoyajaqE30_E	4215	e7085cdcee6ad62f359744e13d3209fc	True	0	{}
KI270468.1	yXkS4EDCKnGK57G14mpSTk4nfOUcoo0f	4055	0a603090f06108ed7aff75df0767b822	True	True	same	yXkS4EDCKnGK57G14mpSTk4nfOUcoo0f	4055	0a603090f06108ed7aff75df0767b822	True	0	{}
KI270467.1	F8qtboG1CtuwXhSfcIDuNh7hCtCiJPLH	3920	db34e0dc109a4afd499b5ec6aaae9754	True	True	same	F8qtboG1CtuwXhSfcIDuNh7hCtCiJPLH	3920	db34e0dc109a4afd499b5ec6aaae9754	True	0	{}
KI270362.1	QTzKQpJo2b_FukcbT1AN4nkWs4zV3_55	3530	bc82401ffd9a5ae711fa0ea34da8d2f0	True	True	same	QTzKQpJo2b_FukcbT1AN4nkWs4zV3_55	3530	bc82401ffd9a5ae711fa0ea34da8d2f0	True	0	{}
KI270517.1	tpsFdwq2559nek4f18hIsBFg_1KYDMm5	3253	913440c38d95c618617ca69bb9296170	True	True	same	tpsFdwq2559nek4f18hIsBFg_1KYDMm5	3253	913440c38d95c618617ca69bb9296170	True	0	{}
KI270593.1	AkHqxkr-l6di2t1vaDnZzlkKepVpsHOC	3041	f4a5bfa203e9e81acb640b18fb11e78e	True	True	same	AkHqxkr-l6di2t1vaDnZzlkKepVpsHOC	3041	f4a5bfa203e9e81acb640b18fb11e78e	True	0	{}
KI270528.1	Y7FnweVvXEqTi-uiAmX_kmCP6HK55ZoA	2983	d75c9235f0b8c449fc4352997c56b086	True	True	same	Y7FnweVvXEqTi-uiAmX_kmCP6HK55ZoA	2983	d75c9235f0b8c449fc4352997c56b086	True	0	{}
KI270587.1	OUMk2kbGNysKbns34oC1Rr6O2OEGaqd2	2969	36be47659719f47b95caa51744aa8f70	True	True	same	OUMk2kbGNysKbns34oC1Rr6O2OEGaqd2	2969	36be47659719f47b95caa51744aa8f70	True	0	{}
KI270364.1	iZdWxletexfTNJCT2dTagew8biQFX1TI	2855	6ff66a8e589ca27d93b5bac0e5b13a87	True	True	same	iZdWxletexfTNJCT2dTagew8biQFX1TI	2855	6ff66a8e589ca27d93b5bac0e5b13a87	True	0	{}
KI270371.1	JM3T4DDFYWNd19zcrQCCl6nj_NmagiRo	2805	a0af3d778dfeb7963e8e6d84c0c54fba	True	True	same	JM3T4DDFYWNd19zcrQCCl6nj_NmagiRo	2805	a0af3d778dfeb7963e8e6d84c0c54fba	True	0	{}
KI270333.1	YXCg7Om7YPSiwfpGw8ZlEQ4rOBYbxK45	2699	57baf650c47bba9b3a8b7c6d0fb55ad6	True	True	same	YXCg7Om7YPSiwfpGw8ZlEQ4rOBYbxK45	2699	57baf650c47bba9b3a8b7c6d0fb55ad6	True	0	{}
KI270374.1	b_YNuCEG0D36IeVru2r6N7eRginchgnT	2656	dbc92c9a92e558946e58b4909ec95dd5	True	True	same	b_YNuCEG0D36IeVru2r6N7eRginchgnT	2656	dbc92c9a92e558946e58b4909ec95dd5	True	0	{}
KI270411.1	ZGObj8YpBRGFr0F-vIhWOqmW7xPYgYR3	2646	fc240322d91d43c04f349cc58fda3eca	True	True	same	ZGObj8YpBRGFr0F-vIhWOqmW7xPYgYR3	2646	fc240322d91d43c04f349cc58fda3eca	True	0	{}
KI270414.1	M2WH6UNhx2LtMK0_siM3_bY2LOp_xx0M	2489	753e02ef3b1c590e0e3376ad2ebb5836	True	True	same	M2WH6UNhx2LtMK0_siM3_bY2LOp_xx0M	2489	753e02ef3b1c590e0e3376ad2ebb5836	True	0	{}
KI270510.1	bw9OPnim5Pk-DVhl06CK4_rdk92ET07a	2415	cd7348b3b5d9d0dfef6aed2af75ce920	True	True	same	bw9OPnim5Pk-DVhl06CK4_rdk92ET07a	2415	cd7348b3b5d9d0dfef6aed2af75ce920	True	0	{}
KI270390.1	KET7zxY6jw4xXuce0I2NdTbBuwZudiVN	2387	7a64d89ea14990c16d20f4d6e7283e10	True	True	same	KET7zxY6jw4xXuce0I2NdTbBuwZudiVN	2387	7a64d89ea14990c16d20f4d6e7283e10	True	0	{}
KI270375.1	ihzqQd4BJ5VUWckLt7PuFuDYHkH0K2Be	2378	d678250c97e9b94aa390fa46e70a6d83	True	True	same	ihzqQd4BJ5VUWckLt7PuFuDYHkH0K2Be	2378	d678250c97e9b94aa390fa46e70a6d83	True	0	{}
KI270420.1	9ZClCJm6gV6BUrh6we4ytWTLE1qg5VSn	2321	bac954a897539c91982a7e3985a49910	True	True	same	9ZClCJm6gV6BUrh6we4ytWTLE1qg5VSn	2321	bac954a897539c91982a7e3985a49910	True	0	{}
KI270509.1	mP7TEDahg_9flBgsQ09FRJI9G1iS8tz7	2318	1cdeb8c823d839e1d1735b5bc9a14856	True	True	same	mP7TEDahg_9flBgsQ09FRJI9G1iS8tz7	2318	1cdeb8c823d839e1d1735b5bc9a14856	True	0	{}
KI270315.1	3-UVYU0k2zXt2WUqfakC5z45FZQUWUxz	2276	ecc43e822dc011fae1fcfd9981c46e9c	True	True	same	3-UVYU0k2zXt2WUqfakC5z45FZQUWUxz	2276	ecc43e822dc011fae1fcfd9981c46e9c	True	0	{}
KI270302.1	wfo09nA2zMYzKLs7T40qVnqdLhYDemX8	2274	ee6dff38036f7d03478c70717643196e	True	True	same	wfo09nA2zMYzKLs7T40qVnqdLhYDemX8	2274	ee6dff38036f7d03478c70717643196e	True	0	{}
KI270518.1	6gvPDcssO8yJbYwnRwcOdz7Ps4FeCiDP	2186	3fd898b62ca859f50fb8b83e7706352b	True	True	same	6gvPDcssO8yJbYwnRwcOdz7Ps4FeCiDP	2186	3fd898b62ca859f50fb8b83e7706352b	True	0	{}
KI270530.1	zpYREbv-tfx4pEUdtcIeohde2MnvsUHd	2168	04549369e1197c626669a10164613635	True	True	same	zpYREbv-tfx4pEUdtcIeohde2MnvsUHd	2168	04549369e1197c626669a10164613635	True	0	{}
KI270304.1	9s_zmYLHrvNOiP5Yjy_Rcz-omO-Aptb0	2165	9423c1b46a48aa6331a77ab5c702ac9d	True	True	same	9s_zmYLHrvNOiP5Yjy_Rcz-omO-Aptb0	2165	9423c1b46a48aa6331a77ab5c702ac9d	True	0	{}
KI270418.1	7AFep_S92lWEOHQO3mUGnbrteitf8Ulm	2145	1537ec12b9c58d137a2d4cb9db896bbc	True	True	same	7AFep_S92lWEOHQO3mUGnbrteitf8Ulm	2145	1537ec12b9c58d137a2d4cb9db896bbc	True	0	{}
KI270424.1	XP3tANME4GZk3aV6pz1dufNwvE3VQFOY	2140	747c8f94f34d5de4ad289bc604708210	True	True	same	XP3tANME4GZk3aV6pz1dufNwvE3VQFOY	2140	747c8f94f34d5de4ad289bc604708210	True	0	{}
KI270417.1	aTXRWgChxFp-RQF09Rb_ICg_3AEcSY1y	2043	cd26758fda713f9c96e51d541f50c2d0	True	True	same	aTXRWgChxFp-RQF09Rb_ICg_3AEcSY1y	2043	cd26758fda713f9c96e51d541f50c2d0	True	0	{}
KI270508.1	tnDW_Rqlx0B24bpYVX8j1gmSEtggmYxS	1951	7d42a358d472b9cbdfdf30c8742473d0	True	True	same	tnDW_Rqlx0B24bpYVX8j1gmSEtggmYxS	1951	7d42a358d472b9cbdfdf30c8742473d0	True	0	{}
KI270303.1	Cslp95echUr2c3YHx1XN6SYaBpKHx3FZ	1942	2cb746c78e0faa11e628603a4bc9bd58	True	True	same	Cslp95echUr2c3YHx1XN6SYaBpKHx3FZ	1942	2cb746c78e0faa11e628603a4bc9bd58	True	0	{}
KI270381.1	TEt-Umx3hFAxsCXFIbUoFKjI1l0kzUyb	1930	2a9297cfd3b3807195ab9ad07e775d99	True	True	same	TEt-Umx3hFAxsCXFIbUoFKjI1l0kzUyb	1930	2a9297cfd3b3807195ab9ad07e775d99	True	0	{}
KI270529.1	5urbJSJsDlThyiED4KDLDnylx-K2v9Gm	1899	4caf890f2586daab8e4b2e2db904f05f	True	True	same	5urbJSJsDlThyiED4KDLDnylx-K2v9Gm	1899	4caf890f2586daab8e4b2e2db904f05f	True	0	{}
KI270425.1	ienjuw0fwaZchW5kZctEIYj9c2mgCUkY	1884	665a46879bbb48294b0cfa87b61e71f6	True	True	same	ienjuw0fwaZchW5kZctEIYj9c2mgCUkY	1884	665a46879bbb48294b0cfa87b61e71f6	True	0	{}
KI270396.1	zld4x3UDXBhOOPYfVL871KAYiJT93Kuz	1880	9069bed3c2efe7cc87227d619ad5816f	True	True	same	zld4x3UDXBhOOPYfVL871KAYiJT93Kuz	1880	9069bed3c2efe7cc87227d619ad5816f	True	0	{}
KI270363.1	yo1qgwnJYyqyVBKbLfEycArstG2wF7T7	1803	6edd17a912f391022edbc192d49f2489	True	True	same	yo1qgwnJYyqyVBKbLfEycArstG2wF7T7	1803	6edd17a912f391022edbc192d49f2489	True	0	{}
KI270386.1	IqHYbzsscygCUV59pwfyEd04a5c3lkLF	1788	b9b1baaa7abf206f6b70cf31654172db	True	True	same	IqHYbzsscygCUV59pwfyEd04a5c3lkLF	1788	b9b1baaa7abf206f6b70cf31654172db	True	0	{}
KI270465.1	f9DNt75sBx2Emm-JwtOnW_bXy6yaKxhh	1774	bb1b2323414425c46531b3c3d22ae00d	True	True	same	f9DNt75sBx2Emm-JwtOnW_bXy6yaKxhh	1774	bb1b2323414425c46531b3c3d22ae00d	True	0	{}
KI270383.1	rT2qpnYeQgUYGmwIZKWafKoM_rlepiVq	1750	694d75683e4a9554bcc1291edbcaee43	True	True	same	rT2qpnYeQgUYGmwIZKWafKoM_rlepiVq	1750	694d75683e4a9554bcc1291edbcaee43	True	0	{}
KI270384.1	VFqjLCDuSqnvr79o7IjZPzsZHew_1P68	1658	b06e44ea15d0a57618d6ca7d2e6ac5d2	True	True	same	VFqjLCDuSqnvr79o7IjZPzsZHew_1P68	1658	b06e44ea15d0a57618d6ca7d2e6ac5d2	True	0	{}
KI270330.1	5d3te3IIA37diOsb5EHT4bi6-jw6qq2-	1652	c2c590706a339007b00c59e0b8937e78	True	True	same	5d3te3IIA37diOsb5EHT4bi6-jw6qq2-	1652	c2c590706a339007b00c59e0b8937e78	True	0	{}
KI270372.1	dPmhKFyWbv8liK3JAPY0D-eaKEBOk_t0	1650	53a9d5e8fd28bce5da5efcfd9114dbf2	True	True	same	dPmhKFyWbv8liK3JAPY0D-eaKEBOk_t0	1650	53a9d5e8fd28bce5da5efcfd9114dbf2	True	0	{}
KI270548.1	zsF1p5JIJmc5hA1jwHka0XVDGyZEvmEi	1599	866b0db8e9cf66208c2c064bd09ce0a2	True	True	same	zsF1p5JIJmc5hA1jwHka0XVDGyZEvmEi	1599	866b0db8e9cf66208c2c064bd09ce0a2	True	0	{}
KI270580.1	MupOwvi4dl9TzvLOGoyfMa0YrXxY8zy_	1553	1df30dae0f605811d927dcea58e729fc	True	True	same	MupOwvi4dl9TzvLOGoyfMa0YrXxY8zy_	1553	1df30dae0f605811d927dcea58e729fc	True	0	{}
KI270387.1	SvLLPyphiuUr7mQydPscMmyaOcUFJ-zv	1537	22a12462264340c25e912b8485cdfa91	True	True	same	SvLLPyphiuUr7mQydPscMmyaOcUFJ-zv	1537	22a12462264340c25e912b8485cdfa91	True	0	{}
KI270391.1	yUj2uvjWFlouGm3F963VNM--I2s96Iz-	1484	1fa5cf03b3eac0f1b4a64948fd09de53	True	True	same	yUj2uvjWFlouGm3F963VNM--I2s96Iz-	1484	1fa5cf03b3eac0f1b4a64948fd09de53	True	0	{}
KI270305.1	QYhy0AixhoksTTTjDGiZAa9_voPQjsd0	1472	f9acea3395b6992cf3418b6689b98cf9	True	True	same	QYhy0AixhoksTTTjDGiZAa9_voPQjsd0	1472	f9acea3395b6992cf3418b6689b98cf9	True	0	{}
KI270373.1	UrpCy9kOdjWabO0L_trP8GhIWQuqSXEq	1451	b174fe53be245a840cd6324e39b88ced	True	True	same	UrpCy9kOdjWabO0L_trP8GhIWQuqSXEq	1451	b174fe53be245a840cd6324e39b88ced	True	0	{}
KI270422.1	v2Ns4FHctW5ktrbYhRxDBBco1QmGQOGT	1445	3fce80eb4c0554376b591699031feb56	True	True	same	v2Ns4FHctW5ktrbYhRxDBBco1QmGQOGT	1445	3fce80eb4c0554376b591699031feb56	True	0	{}
KI270316.1	iH-N-G6Vjrvtw2fI2ePe60OaSSxESuXT	1444	6adde7a9fe7bd6918f12d0f0924aa8ba	True	True	same	iH-N-G6Vjrvtw2fI2ePe60OaSSxESuXT	1444	6adde7a9fe7bd6918f12d0f0924aa8ba	True	0	{}
KI270340.1	vIQ5ltC4EyMB7OK1lnU6DvW3zNx0jdb2	1428	56b462bac20d385cdfcde0155fe4c3a1	True	True	same	vIQ5ltC4EyMB7OK1lnU6DvW3zNx0jdb2	1428	56b462bac20d385cdfcde0155fe4c3a1	True	0	{}
KI270338.1	JSL6KKK2j3Flq4IF1M3Art_84LQ3dmFF	1428	301ef75a6b2996d745eb3464bd352b57	True	True	same	JSL6KKK2j3Flq4IF1M3Art_84LQ3dmFF	1428	301ef75a6b2996d745eb3464bd352b57	True	0	{}
KI270583.1	7WMQtd1zNVnIHTxHHV1KARtyMqHXUAtP	1400	b127e2e6dbe358ff192b271b8c6ee690	True	True	same	7WMQtd1zNVnIHTxHHV1KARtyMqHXUAtP	1400	b127e2e6dbe358ff192b271b8c6ee690	True	0	{}
KI270334.1	cPOX8Z3igOlha4B0FejV2VHl_yiwRfAU	1368	53afe12d1371f250a3d1de655345d374	True	True	same	cPOX8Z3igOlha4B0FejV2VHl_yiwRfAU	1368	53afe12d1371f250a3d1de655345d374	True	0	{}
KI270429.1	0AKJ3MrG77ecu-amzGhOoIkdw0Tx-YHu	1361	ee8962dbef9396884f649e566b78bf06	True	True	same	0AKJ3MrG77ecu-amzGhOoIkdw0Tx-YHu	1361	ee8962dbef9396884f649e566b78bf06	True	0	{}
KI270393.1	hbKlATBl0s-HdUeh5K_tZX89N7xjivvp	1308	3724e1d70677d6b5c4bcf17fd40da111	True	True	same	hbKlATBl0s-HdUeh5K_tZX89N7xjivvp	1308	3724e1d70677d6b5c4bcf17fd40da111	True	0	{}
KI270516.1	n_XCYYZCV5lstux2dOvUdnF5_Mq-Li3n	1300	1cbaaafbbf016906a5bf5886f5a0ecb7	True	True	same	n_XCYYZCV5lstux2dOvUdnF5_Mq-Li3n	1300	1cbaaafbbf016906a5bf5886f5a0ecb7	True	0	{}
KI270389.1	bAikpwm12fZoFQY6r7h9nwuqA-W519qc	1298	2c9b08c57c27e714d4d5259fd91b6983	True	True	same	bAikpwm12fZoFQY6r7h9nwuqA-W519qc	1298	2c9b08c57c27e714d4d5259fd91b6983	True	0	{}
KI270466.1	eiNRy0nVH47HBRsjf7s3dDjB7WXIL2pV	1233	530b7033716a5d72dd544213c513fd12	True	True	same	eiNRy0nVH47HBRsjf7s3dDjB7WXIL2pV	1233	530b7033716a5d72dd544213c513fd12	True	0	{}
KI270388.1	SzYryM3fGu2F9dRXm-ZSuzH1lrQwqDvT	1216	76f9f3315fa4b831e93c36cd88196480	True	True	same	SzYryM3fGu2F9dRXm-ZSuzH1lrQwqDvT	1216	76f9f3315fa4b831e93c36cd88196480	True	0	{}
KI270544.1	XBBieBA2j0nSYapiV42U-7uROMMzN10D	1202	e62a14b14467cdf48b5a236c66918f0f	True	True	same	XBBieBA2j0nSYapiV42U-7uROMMzN10D	1202	e62a14b14467cdf48b5a236c66918f0f	True	0	{}
KI270310.1	2cvfzZ7UwkdYkqg00nyN1AFQOvuFVM-9	1201	af6cb123af7007793bac06485a2a20e9	True	True	same	2cvfzZ7UwkdYkqg00nyN1AFQOvuFVM-9	1201	af6cb123af7007793bac06485a2a20e9	True	0	{}
KI270412.1	5sH5f1aQvsWuL4Cx1S60J2SDZo7SW2st	1179	7bb9612f733fb7f098be79499d46350c	True	True	same	5sH5f1aQvsWuL4Cx1S60J2SDZo7SW2st	1179	7bb9612f733fb7f098be79499d46350c	True	0	{}
KI270395.1	GdXNrY4W8T7K93ylj7kNeytobgGKidl-	1143	7c03ca4756c1620f318fb189214388d8	True	True	same	GdXNrY4W8T7K93ylj7kNeytobgGKidl-	1143	7c03ca4756c1620f318fb189214388d8	True	0	{}
KI270376.1	h2NGmESUlOABx4daDywqQhNXaA2LB5RR	1136	59e8fc80b78d62325082334b43dffdba	True	True	same	h2NGmESUlOABx4daDywqQhNXaA2LB5RR	1136	59e8fc80b78d62325082334b43dffdba	True	0	{}
KI270337.1	uo583U9sJtDJGuU6iDCZNdaLyzQz1gYF	1121	16fc8d71a2662a6cfec7bdeec3d810c6	True	True	same	uo583U9sJtDJGuU6iDCZNdaLyzQz1gYF	1121	16fc8d71a2662a6cfec7bdeec3d810c6	True	0	{}
KI270335.1	L4ZLpQty7r3yyh2xSr_O6DRnWaKjaAsv	1048	eb27188639503b524d2659a23b8262ea	True	True	same	L4ZLpQty7r3yyh2xSr_O6DRnWaKjaAsv	1048	eb27188639503b524d2659a23b8262ea	True	0	{}
KI270378.1	3fbIfEvQYYis7TyaluTyv299Xczxo3YP	1048	fc13bda7dbd914c92fb7e49489d1350f	True	True	same	3fbIfEvQYYis7TyaluTyv299Xczxo3YP	1048	fc13bda7dbd914c92fb7e49489d1350f	True	0	{}
KI270379.1	yLnqSBOiVHNpiEdiX86ZoyPFufg15Xlo	1045	3218bef25946cd95de585dfc7750f63b	True	True	same	yLnqSBOiVHNpiEdiX86ZoyPFufg15Xlo	1045	3218bef25946cd95de585dfc7750f63b	True	0	{}
KI270329.1	3Lc9tjpmWSWfXZwgbUtmFTJZ0FCfGKZh	1040	f023f927ae84c5cc48dc4dce11ba90f2	True	True	same	3Lc9tjpmWSWfXZwgbUtmFTJZ0FCfGKZh	1040	f023f927ae84c5cc48dc4dce11ba90f2	True	0	{}
KI270419.1	zVacv_BXXeETKqyBxBHY96_6JBJ-VTPk	1029	58455e7a788f0dc82034d1fb109f6f5c	True	True	same	zVacv_BXXeETKqyBxBHY96_6JBJ-VTPk	1029	58455e7a788f0dc82034d1fb109f6f5c	True	0	{}
KI270336.1	VvhkophOxVBa124jULhiqGN04Chq7q1D	1026	69ad2d85d870c8b0269434581e86e30e	True	True	same	VvhkophOxVBa124jULhiqGN04Chq7q1D	1026	69ad2d85d870c8b0269434581e86e30e	True	0	{}
KI270312.1	knIogkkzIS8j1yaYvyhp5jT3dDQuIby1	998	26499f2fe4c65621fd8f4ecafbad31d7	True	True	same	knIogkkzIS8j1yaYvyhp5jT3dDQuIby1	998	26499f2fe4c65621fd8f4ecafbad31d7	True	0	{}
KI270539.1	tfLF4GW0WS5BskBI-aST1D0BV-pepYzL	993	19e3a982e67eafef39c5a3e4163f1e17	True	True	same	tfLF4GW0WS5BskBI-aST1D0BV-pepYzL	993	19e3a982e67eafef39c5a3e4163f1e17	True	0	{}
KI270385.1	iB_m7qqRPb_xmKT9Cg_TFVzw7C8Q9U5Q	990	112a8b1df94ef0498a0bfe2d2ea5cc23	True	True	same	iB_m7qqRPb_xmKT9Cg_TFVzw7C8Q9U5Q	990	112a8b1df94ef0498a0bfe2d2ea5cc23	True	0	{}
KI270423.1	43QwJO14EHFTfWtSI3yZD4Cr4Z8AAAab	981	bdf5a85c001731dccfb150db2bfe58ac	True	True	same	43QwJO14EHFTfWtSI3yZD4Cr4Z8AAAab	981	bdf5a85c001731dccfb150db2bfe58ac	True	0	{}
KI270392.1	I5artHV9tMRwf8-UCgn0tUTLY8DFAzfi	971	59b3ca8de65fb171683f8a06d3b4bf0d	True	True	same	I5artHV9tMRwf8-UCgn0tUTLY8DFAzfi	971	59b3ca8de65fb171683f8a06d3b4bf0d	True	0	{}
KI270394.1	0uoreCWKhOagVkU6g_wm3Ghqg-u0ELwG	970	d5171e863a3d8f832f0559235987b1e5	True	True	same	0uoreCWKhOagVkU6g_wm3Ghqg-u0ELwG	970	d5171e863a3d8f832f0559235987b1e5	True	0	{}
