# Example sequences whose returned bytes do not match their digest;
# see README.md. A sample produced by find_examples.py. The complete
# list is seqrepo_equivalence/known_divergence/gtars_encoding_roundtrip.tsv
# in https://github.com/theferrit32/gks-refgetstore-builder.
# --store store --alphabet protein/dnaio --limit 30
alphabet	prefix	name	length	digest	redigest	aliases
dnaio	ENSP	ENSP00000389829	15	vV0y0M3ASw5ZQeFjxLO-hGBhKvdNTFSY	9ijQ78J4Ib3nE42jYr2fW-gq14XmxVt_	ensembl:ENSP00000389829,ensembl:ENSP00000389829.1
dnaio	ENSP	ENSP00000405043	3	T-09jwM9bLxbCm7Hm1bUgCumwsLEMW3j	0QJdHGKlXAcuqA5jGLQb1Px5cvCVrJQI	ensembl:ENSP00000405043,ensembl:ENSP00000405043.1
dnaio	ENSP	ENSP00000417555	6	TdHASkugLScKEKG7mMnIFkDPqEPzVtWQ	WwFIoC2RDfNXvRy3AqrhOfHcXda-5BJs	ensembl:ENSP00000417555,ensembl:ENSP00000417555.1,ensembl:ENSP00000417892,ensembl:ENSP00000417892.1,ensembl:ENSP00000474139,ensembl:ENSP00000474207,+4 more
dnaio	ENSP	ENSP00000417892	7	uBM9xm0uu5mwzkj3t4AwQ_vSOfc30fQT	RmcGftxwpjcyVAD-OAJLNFOA7h3Ti8a2	ensembl:ENSP00000417555,ensembl:ENSP00000417555.1,ensembl:ENSP00000417892,ensembl:ENSP00000417892.1,ensembl:ENSP00000487937,ensembl:ENSP00000487937.1,+2 more
dnaio	ENSP	ENSP00000418999	9	VqFsCVEidP-e7EDwMtyKifAVHp9xvD3e	2ObQbPNZlCnzxNZC1zOLDnIMtYlmqBI_	ensembl:ENSP00000418999,ensembl:ENSP00000418999.1
dnaio	ENSP	ENSP00000419223	20	lcNtc-_1f81yhNAaEe9FW1Eu07c3kfHK	ky6LXT9vgd1x-NBaYBJ9vBe1MO7dnIhg	ensembl:ENSP00000419223,ensembl:ENSP00000419223.1,ensembl:ENSP00000474813
dnaio	ENSP	ENSP00000419443	16	oA7U6bNeU1TKEoNosYzUKUicfwu2N7sV	V6Ucgic7BJIeUntgPI5B-7RBKIOFNY-L	ensembl:ENSP00000419443
dnaio	ENSP	ENSP00000421418	13	Dh4uWq9TK13EPnrohgGz-iBs5gNURmRG	Yk5fEbB_tWEi_ux7uAa9q0wR1tkPo60I	ensembl:ENSP00000421418
dnaio	ENSP	ENSP00000424096	5	X5LTeVQ1MY-TZuHh-LwtDor4p0t7lGLp	_8Iyf5wj32Y4WGuJdtmLsqFhD1V9Ijd7	ensembl:ENSP00000424096,ensembl:ENSP00000424096.1
dnaio	ENSP	ENSP00000429302	7	SAw3XUlAtoKVqJJ4YY_GTnEGHWZq_XBs	J5jdGYH9qyh7jOplK5Iu6mszNOU8RP__	ensembl:ENSP00000429302,ensembl:ENSP00000429302.1
dnaio	ENSP	ENSP00000429302	8	D65ZtyjB32Na_CK9JFl-MgkA2H8PNDd1	uadfQ8TVebh2UJW5ghETSB-pn4WrPPXB	ensembl:ENSP00000429302,ensembl:ENSP00000429302.1
dnaio	ENSP	ENSP00000432299	4	LouAhtF3jSilZQktg--TJslR1Q_VTK6c	aC_yTIIfjcn6sKinC5hwre1h1XMPHo46	ensembl:ENSP00000432299,ensembl:ENSP00000432299.1
dnaio	ENSP	ENSP00000434962	3	GCAPUGR5BrcyY158U9C4oD18Eo_8srn3	dNHGQafu-3t1uA7AItYk5J6SJ_BobIzt	ensembl:ENSP00000434962,ensembl:ENSP00000434962.1
dnaio	ENSP	ENSP00000451571	4	PuJ9LId-hNUZ_V1KHA5gSA_mMIoCoZCx	H8xwmSO-4Ue7Nr6G5l6S7NEuPMLa-DvF	ensembl:ENSP00000451571,ensembl:ENSP00000451571.1
dnaio	ENSP	ENSP00000452699	4	lh-rEhO6szV96hQl5W7ofWeSwLRUKFLk	aq8K0RbDhhJOrvB4Vwa6aNSBWk4mglLu	ensembl:ENSP00000452699,ensembl:ENSP00000452699.1,ensembl:ENSP00000488322,ensembl:ENSP00000488322.1
dnaio	ENSP	ENSP00000460473	6	icO011y4H4rr74y8M6A5VLaBXF71pzQp	r5hpZCga19QfFVi1K6URUL1Fc3MM2OqH	ensembl:ENSP00000460473,ensembl:ENSP00000460473.1
dnaio	ENSP	ENSP00000465124	13	f63LXIVsxhzqwBzWWQX1BlCQANSd7Qsy	eUZvZtWS2lfJWzkRE_pLLQoG1EkKk2Yh	ensembl:ENSP00000465124,ensembl:ENSP00000465124.1
dnaio	ENSP	ENSP00000465498	5	RGxAQjKStquXiItQLUx0782icNEm_ZS1	6lVfA0szkIozdl8EckrBiGExHzPB8Kz2	ensembl:ENSP00000465498,ensembl:ENSP00000465498.1
dnaio	ENSP	ENSP00000465498	6	W0GPF85KhlYopf3e0xiVdiSNa0EeJj1e	xHiTFSZb5Bqj2rxuBWCHZZ5JQkxwW5lf	ensembl:ENSP00000465498,ensembl:ENSP00000465498.1
dnaio	ENSP	ENSP00000470180	7	MiSExGh8A2ApzBO0sDTXR5BaxTjLJvEY	e3kjwnvSTfExfuItU1JWQz0OGG3k_X_A	ensembl:ENSP00000470180
dnaio	ENSP	ENSP00000488494	7	8pq114WM6Ro4lsxlsLTyDs7LkjXlIed4	MIRcubxBcteM4_-9HFS8hq1fWo2giGxs	ensembl:ENSP00000488494,ensembl:ENSP00000488494.1,ensembl:ENSP00000488567,ensembl:ENSP00000488567.1
dnaio	ENSP	ENSP00000493679.1	5	UAuf7AyT5DaDleXkTkBSnqv2OkhCxp30	IkYExmUdnsxMTYCa5xLRIWJtA-2C9X8k	ensembl:ENSP00000493679.1
dnaio	ENSP	ENSP00000499040.1	12	13xx4yn7JousnAXLxTBX-bbWg4TitdN0	fQh3MU3P7sOQ7EihvRecrb08e86fBG0G	ensembl:ENSP00000499040.1
dnaio	ENSP	ENSP00000501842.1	6	jz1bd-Y-STJ8tmltCnK1tK8u3sdTENX-	r_6Rt_-KodP63Pxz9Mv48cFuGeH7_IMp	ensembl:ENSP00000501842.1
dnaio	ENSP	ENSP00000513019.1	4	kFcCNRG0l1lk_dYl-yWDRXYMsgsZoidz	ybZZunH6vlmzULatd-K0nMmoz2OjMsFH	ensembl:ENSP00000513019.1
dnaio	ENSP	ENSP00000779137.1	11	g57vglXyC2fvv0HyRKwAiukdwVEY58XT	77I9KcZRkhdWO8xYyiWf8Ks1xUFiFYru	ensembl:ENSP00000779137.1
dnaio	NR_	NR_103745.1	873	o_Juegh-7Rliguu4uJ72pColqqJQt4mz	a7NEDaBDsfrHPxhhYH9hPovgecVJOIhj	refseq:NR_103745.1
protein	ENSP	ENSP00000421626	310	Cl_YvDpJepuk7TqbeDOf0gDziXmx_m9V	Awb6JecCR6a_TaN4y-N3L_tOHY4I7tZW	ensembl:ENSP00000421626,ensembl:ENSP00000421626.1
protein	ENSP	ENSP00000427873	138	Fd3xnZ2MPARaTks5z6LazjAu62-FZ1eO	zvtZcVDBeQA-Dah1ZUjB8bqrtDT_1kPJ	ensembl:ENSP00000427873,ensembl:ENSP00000427873.1
protein	ENSP	ENSP00000427873	139	-W1ga7qTpavh8rWKzQUFLoybajnF4Jxc	Zg2EQVmu_RhOHP6UIsWL4eZCsO1y_hEH	ensembl:ENSP00000427873,ensembl:ENSP00000427873.1
protein	ENSP	ENSP00000430031	643	ILOUo4gnvIx7OjD6e8c-s9LYyrS7obF-	EHaZ7hLrbRxHujZCi0VWWrluAhIXmiJv	ensembl:ENSP00000430031,ensembl:ENSP00000430031.3
protein	ENSP	ENSP00000430031	698	Grs4KonNbkgVAxcco8VA8FeR2JQfBZOZ	PPbhP6NyiQh9byq3yOEDifE4BIsB7rrB	ensembl:ENSP00000430031
protein	ENSP	ENSP00000432797	184	8Gr54zw3IQaR5uWsdHvfzbdzFff0fn95	niNd3aHiXKjkJyIa7WDZyWyB-Vf-1pSY	ensembl:ENSP00000432797,ensembl:ENSP00000432797.1
protein	ENSP	ENSP00000433803	166	5EwDqzqKSn6t7siTObX2j5k_22fxBchz	hZVzAcnjsDHljlYXLguBNhQlZRwo7jDT	ensembl:ENSP00000433803,ensembl:ENSP00000433803.1
protein	ENSP	ENSP00000434875.2	94	-_Q4TOePoMCaghb51yfmYbqhIseZcc96	eEL_BQDaWp2_bUbbPvnXSkFMBCbsYmGZ	ensembl:ENSP00000434875.2
protein	ENSP	ENSP00000450991	78	FCzkaX00fz8TgnqPMvO7X2kwxM1B2aVa	Is7U7-zidT7QB1FmWIJ7tQMTIQjykXhb	ensembl:ENSP00000450991,ensembl:ENSP00000450991.1
protein	ENSP	ENSP00000465828	175	2qDLKvNurrw_4b2JE-PplNBl1gCLWuVK	VENikUEU39vA3DGPciPSy1kdaxOyPL7G	ensembl:ENSP00000465828,ensembl:ENSP00000465828.3
protein	ENSP	ENSP00000468349	155	3tBGZIlhOi4fkAxXkII37KdyHCWMZAuj	hvYtveyR4zJooQBSZw4O9TRWj-LnZttI	ensembl:ENSP00000468349,ensembl:ENSP00000468349.1
protein	ENSP	ENSP00000485466.2	212	HXsWww8RB-rAL9ohh5nOCx7q-ixLKn1X	0PJG-Jqu596OWs3nmixqQbwaN2zhpv6r	ensembl:ENSP00000485466.2
protein	ENSP	ENSP00000508308.1	488	47J-C-BFeuJccJh63db-QJxRhqOq9gD0	lo8b3QDSrKiTIOD2j6Q_xVgWN3_9hrja	ensembl:ENSP00000508308.1
protein	ENSP	ENSP00000515867.1	122	9y56kbf8Ci6kEQLOxO1hpe73Uj9DmG3t	Py3JGRciAqj9jmPGMhufwCdI3MeKy2eM	ensembl:ENSP00000515867.1
protein	ENSP	ENSP00000515883.1	124	CXVma9SCgf1cbQieC3e3f7Vl0TbeJv4u	5fEqPmL9mpapk9B4gPnIN33x-V85LLYf	ensembl:ENSP00000515883.1
protein	NP_	NP_000784.3	265	D3BXk1Uf_r11cQo0ZdHTysdRUFOIVSRW	wp9oT_WbLbvwWnDEE38E4yDglsTsWN5D	refseq:NP_000784.3,refseq:NP_001311391.2,refseq:NP_001353425.1
protein	NP_	NP_001007024.1	309	DVcab5QY-ePYuNcfVX-DpYevPHknsEP0	9ZvbrpeRfNw-aGqV51Li5MYIUyDg0bJY	ensembl:ENSP00000450980,ensembl:ENSP00000450980.1,refseq:NP_001007024.1
protein	NP_	NP_001034937.1	234	9U0y_C19vv8htrH0y6neS97AFj6ghBtk	YkgxTjyl46BjhqINkXHpscbdpfiQHe0j	ensembl:ENSP00000473614.3,refseq:NP_001034937.1
protein	NP_	NP_001087240.1	649	BFnFcvkbI9PJ4FAs74PNj7nq6Tu4t6wE	jBfA6pmL9aWpzDEOWtrg5Z6sBcGhIBpY	ensembl:ENSP00000434516,ensembl:ENSP00000434516.1,ensembl:ENSP00000813798.1,refseq:NP_001087240.1
protein	NP_	NP_001248374.1	549	ES2Qtg9OXCgyjPUQV5NHx0Dux7U2RrGW	5gtIHrsaVt4tfQbjjAfBopO5bah-8sIO	refseq:NP_001248374.1
protein	NP_	NP_001248375.1	461	5mubT9ezCc00rvIqfw7Xrw0MKAgShGKv	uUy_nXSa-9_XuvR1bzsh9Hl1jvhrfkf7	ensembl:ENSP00000434919,ensembl:ENSP00000434919.1,refseq:NP_001248375.1
protein	NP_	NP_001339231.1	428	HofMWnA3yHI9drHXekgqNW5UFPehsihb	9LFn0iYEkB6jf4cYXsZU3rB_HCu8-5s2	ensembl:ENSP00000485128.2,refseq:NP_001339231.1
protein	NP_	NP_001353.4	304	7l9YrTu2Yg-d1gIvItcdxWKrN6XgeOEu	fFIvQ_e3U3F-DIIUpKQ7Y_WT5eqnYhzt	ensembl:ENSP00000427336,ensembl:ENSP00000427336.3,refseq:NP_001353.4
protein	NP_	NP_006431.2	524	GIXHjoJQSKza_OeY3JZH1CQtcYCuv735	ak1T-N_FnERCv8DWLjzgtFxn99aqA66S	ensembl:ENSP00000383365,ensembl:ENSP00000383365.1,ensembl:ENSP00000812174.1,lrg:LRG_417p1,refseq:NP_006431.2
protein	NP_	NP_054644.1	273	1hGuUcDIjGUHZQ5wM8Cnx1YUeRR55iKw	vSCPZ0MwYsg8uRevln_dX3pANHoq3Fd9	ensembl:ENSP00000405854,ensembl:ENSP00000405854.4,ensembl:ENSP00000405854.5,ensembl:ENSP00000451419,ensembl:ENSP00000451419.1,ensembl:ENSP00000812978.1,+3 more
protein	NP_	NP_057359.2	195	-w24J8JsTsCiiIpdjyQVllDGhvNmh8Px	0E3X3RSGOhfwqTSMm6roTb6ca9l3v5UU	ensembl:ENSP00000418910,ensembl:ENSP00000418910.1,ensembl:ENSP00000813380.1,refseq:NP_057359.2
protein	NP_	NP_057416.1	116	5MsKJcglm19GS2GMaqbwdFNoR9QNn2JM	HbYRMwhwhLklwUo5mtKkofVhD-7xU0lZ	ensembl:ENSP00000355084,ensembl:ENSP00000355084.3,ensembl:ENSP00000517565.1,ensembl:ENSP00000809012.1,refseq:NP_057416.1
protein	NP_	NP_874363.1	346	87yDsxiRiuMrsTyDvOvMC8feJcubPdUd	PU5A1916FqmOWrpNHa8gqYI2hLk1J6gG	ensembl:ENSP00000333956,ensembl:ENSP00000333956.4,refseq:NP_874363.1
protein	NP_	NP_957704.3	331	FPY14KpHwCoxpgKKCvjZCqIFjm-nDAK2	5i2-7hTYn85Ku1JuAuWGP1BMvVXKmJgY	refseq:NP_957704.3
protein	NP_	NP_958799.1	98	Ej4_4YG7qKZcT4PV9DvJVSbruGCJfri3	5eVFwc52c4Sge6zcWSzYN-Sj3lDE5cu7	ensembl:ENSP00000391316,ensembl:ENSP00000391316.1,ensembl:ENSP00000515482.1,ensembl:ENSP00000515880.1,refseq:NP_958799.1
