digest	name	alphabet	length	redigest	cause
vV0y0M3ASw5ZQeFjxLO-hGBhKvdNTFSY	ENSP00000389829	dnaio	15	9ijQ78J4Ib3nE42jYr2fW-gq14XmxVt_	short protein whose residues are all legal IUPAC nucleotide codes; alphabet misdetected as nucleotide and encoded lossily. Upstream defect, not bit rot.
T-09jwM9bLxbCm7Hm1bUgCumwsLEMW3j	ENSP00000405043	dnaio	3	0QJdHGKlXAcuqA5jGLQb1Px5cvCVrJQI	short protein whose residues are all legal IUPAC nucleotide codes; alphabet misdetected as nucleotide and encoded lossily. Upstream defect, not bit rot.
TdHASkugLScKEKG7mMnIFkDPqEPzVtWQ	ENSP00000417555	dnaio	6	WwFIoC2RDfNXvRy3AqrhOfHcXda-5BJs	short protein whose residues are all legal IUPAC nucleotide codes; alphabet misdetected as nucleotide and encoded lossily. Upstream defect, not bit rot.
uBM9xm0uu5mwzkj3t4AwQ_vSOfc30fQT	ENSP00000417892	dnaio	7	RmcGftxwpjcyVAD-OAJLNFOA7h3Ti8a2	short protein whose residues are all legal IUPAC nucleotide codes; alphabet misdetected as nucleotide and encoded lossily. Upstream defect, not bit rot.
VqFsCVEidP-e7EDwMtyKifAVHp9xvD3e	ENSP00000418999	dnaio	9	2ObQbPNZlCnzxNZC1zOLDnIMtYlmqBI_	short protein whose residues are all legal IUPAC nucleotide codes; alphabet misdetected as nucleotide and encoded lossily. Upstream defect, not bit rot.
lcNtc-_1f81yhNAaEe9FW1Eu07c3kfHK	ENSP00000419223	dnaio	20	ky6LXT9vgd1x-NBaYBJ9vBe1MO7dnIhg	short protein whose residues are all legal IUPAC nucleotide codes; alphabet misdetected as nucleotide and encoded lossily. Upstream defect, not bit rot.
oA7U6bNeU1TKEoNosYzUKUicfwu2N7sV	ENSP00000419443	dnaio	16	V6Ucgic7BJIeUntgPI5B-7RBKIOFNY-L	short protein whose residues are all legal IUPAC nucleotide codes; alphabet misdetected as nucleotide and encoded lossily. Upstream defect, not bit rot.
Dh4uWq9TK13EPnrohgGz-iBs5gNURmRG	ENSP00000421418	dnaio	13	Yk5fEbB_tWEi_ux7uAa9q0wR1tkPo60I	short protein whose residues are all legal IUPAC nucleotide codes; alphabet misdetected as nucleotide and encoded lossily. Upstream defect, not bit rot.
X5LTeVQ1MY-TZuHh-LwtDor4p0t7lGLp	ENSP00000424096	dnaio	5	_8Iyf5wj32Y4WGuJdtmLsqFhD1V9Ijd7	short protein whose residues are all legal IUPAC nucleotide codes; alphabet misdetected as nucleotide and encoded lossily. Upstream defect, not bit rot.
D65ZtyjB32Na_CK9JFl-MgkA2H8PNDd1	ENSP00000429302	dnaio	8	uadfQ8TVebh2UJW5ghETSB-pn4WrPPXB	short protein whose residues are all legal IUPAC nucleotide codes; alphabet misdetected as nucleotide and encoded lossily. Upstream defect, not bit rot.
SAw3XUlAtoKVqJJ4YY_GTnEGHWZq_XBs	ENSP00000429302	dnaio	7	J5jdGYH9qyh7jOplK5Iu6mszNOU8RP__	short protein whose residues are all legal IUPAC nucleotide codes; alphabet misdetected as nucleotide and encoded lossily. Upstream defect, not bit rot.
LouAhtF3jSilZQktg--TJslR1Q_VTK6c	ENSP00000432299	dnaio	4	aC_yTIIfjcn6sKinC5hwre1h1XMPHo46	short protein whose residues are all legal IUPAC nucleotide codes; alphabet misdetected as nucleotide and encoded lossily. Upstream defect, not bit rot.
GCAPUGR5BrcyY158U9C4oD18Eo_8srn3	ENSP00000434962	dnaio	3	dNHGQafu-3t1uA7AItYk5J6SJ_BobIzt	short protein whose residues are all legal IUPAC nucleotide codes; alphabet misdetected as nucleotide and encoded lossily. Upstream defect, not bit rot.
PuJ9LId-hNUZ_V1KHA5gSA_mMIoCoZCx	ENSP00000451571	dnaio	4	H8xwmSO-4Ue7Nr6G5l6S7NEuPMLa-DvF	short protein whose residues are all legal IUPAC nucleotide codes; alphabet misdetected as nucleotide and encoded lossily. Upstream defect, not bit rot.
lh-rEhO6szV96hQl5W7ofWeSwLRUKFLk	ENSP00000452699	dnaio	4	aq8K0RbDhhJOrvB4Vwa6aNSBWk4mglLu	short protein whose residues are all legal IUPAC nucleotide codes; alphabet misdetected as nucleotide and encoded lossily. Upstream defect, not bit rot.
icO011y4H4rr74y8M6A5VLaBXF71pzQp	ENSP00000460473	dnaio	6	r5hpZCga19QfFVi1K6URUL1Fc3MM2OqH	short protein whose residues are all legal IUPAC nucleotide codes; alphabet misdetected as nucleotide and encoded lossily. Upstream defect, not bit rot.
f63LXIVsxhzqwBzWWQX1BlCQANSd7Qsy	ENSP00000465124	dnaio	13	eUZvZtWS2lfJWzkRE_pLLQoG1EkKk2Yh	short protein whose residues are all legal IUPAC nucleotide codes; alphabet misdetected as nucleotide and encoded lossily. Upstream defect, not bit rot.
RGxAQjKStquXiItQLUx0782icNEm_ZS1	ENSP00000465498	dnaio	5	6lVfA0szkIozdl8EckrBiGExHzPB8Kz2	short protein whose residues are all legal IUPAC nucleotide codes; alphabet misdetected as nucleotide and encoded lossily. Upstream defect, not bit rot.
W0GPF85KhlYopf3e0xiVdiSNa0EeJj1e	ENSP00000465498	dnaio	6	xHiTFSZb5Bqj2rxuBWCHZZ5JQkxwW5lf	short protein whose residues are all legal IUPAC nucleotide codes; alphabet misdetected as nucleotide and encoded lossily. Upstream defect, not bit rot.
MiSExGh8A2ApzBO0sDTXR5BaxTjLJvEY	ENSP00000470180	dnaio	7	e3kjwnvSTfExfuItU1JWQz0OGG3k_X_A	short protein whose residues are all legal IUPAC nucleotide codes; alphabet misdetected as nucleotide and encoded lossily. Upstream defect, not bit rot.
8pq114WM6Ro4lsxlsLTyDs7LkjXlIed4	ENSP00000488494	dnaio	7	MIRcubxBcteM4_-9HFS8hq1fWo2giGxs	short protein whose residues are all legal IUPAC nucleotide codes; alphabet misdetected as nucleotide and encoded lossily. Upstream defect, not bit rot.
UAuf7AyT5DaDleXkTkBSnqv2OkhCxp30	ENSP00000493679.1	dnaio	5	IkYExmUdnsxMTYCa5xLRIWJtA-2C9X8k	short protein whose residues are all legal IUPAC nucleotide codes; alphabet misdetected as nucleotide and encoded lossily. Upstream defect, not bit rot.
13xx4yn7JousnAXLxTBX-bbWg4TitdN0	ENSP00000499040.1	dnaio	12	fQh3MU3P7sOQ7EihvRecrb08e86fBG0G	short protein whose residues are all legal IUPAC nucleotide codes; alphabet misdetected as nucleotide and encoded lossily. Upstream defect, not bit rot.
jz1bd-Y-STJ8tmltCnK1tK8u3sdTENX-	ENSP00000501842.1	dnaio	6	r_6Rt_-KodP63Pxz9Mv48cFuGeH7_IMp	short protein whose residues are all legal IUPAC nucleotide codes; alphabet misdetected as nucleotide and encoded lossily. Upstream defect, not bit rot.
kFcCNRG0l1lk_dYl-yWDRXYMsgsZoidz	ENSP00000513019.1	dnaio	4	ybZZunH6vlmzULatd-K0nMmoz2OjMsFH	short protein whose residues are all legal IUPAC nucleotide codes; alphabet misdetected as nucleotide and encoded lossily. Upstream defect, not bit rot.
g57vglXyC2fvv0HyRKwAiukdwVEY58XT	ENSP00000779137.1	dnaio	11	77I9KcZRkhdWO8xYyiWf8Ks1xUFiFYru	short protein whose residues are all legal IUPAC nucleotide codes; alphabet misdetected as nucleotide and encoded lossily. Upstream defect, not bit rot.
o_Juegh-7Rliguu4uJ72pColqqJQt4mz	NR_103745.1	dnaio	873	a7NEDaBDsfrHPxhhYH9hPovgecVJOIhj	short protein whose residues are all legal IUPAC nucleotide codes; alphabet misdetected as nucleotide and encoded lossily. Upstream defect, not bit rot.
UO2fraceu35mLWxqhlRSSg2OhvVjuXV5	ENSP00000328729	protein	162	wbTxkTIT6uqRrS6boj6HLoocl-K1TftB	gtars protein alphabet has no U (selenocysteine); residue replaced on encode. Upstream defect, not bit rot.
X2o_KMp1e5lfF1zUVcrsJlo8RHmAXU3G	ENSP00000346109.5	protein	533	Lw5A3W9ByBhioEt4BO4teieWfzgvXB9c	gtars protein alphabet has no U (selenocysteine); residue replaced on encode. Upstream defect, not bit rot.
SyHWS7VbWeGXHRu-bkKQotyldGw4lDwO	ENSP00000359585	protein	121	FvNjbD-2856u-fCy9hPfd9SLutisc60t	gtars protein alphabet has no U (selenocysteine); residue replaced on encode. Upstream defect, not bit rot.
hzeF8xYO32HIbrpDjFFnGCGTalIR3DSg	ENSP00000383369.3	protein	501	ggCus4DNvraRMC03Z_McRu3Jkp97QaVp	gtars protein alphabet has no U (selenocysteine); residue replaced on encode. Upstream defect, not bit rot.
iXlqRwNtf5wFim50rxjPpCsbeiUxq59y	ENSP00000417364	protein	181	CPnsgggQy5O4PGxD-Uf1BbCbzR2_ZBGK	gtars protein alphabet has no U (selenocysteine); residue replaced on encode. Upstream defect, not bit rot.
YP4DqmjjHPGyC9vK4lRZvN77L_JzCC9P	ENSP00000418669	protein	483	UC_8ooKtpBL5OlePckw1lyQ5Kraxs_UB	gtars protein alphabet has no U (selenocysteine); residue replaced on encode. Upstream defect, not bit rot.
Cl_YvDpJepuk7TqbeDOf0gDziXmx_m9V	ENSP00000421626	protein	310	Awb6JecCR6a_TaN4y-N3L_tOHY4I7tZW	gtars protein alphabet has no U (selenocysteine); residue replaced on encode. Upstream defect, not bit rot.
OePeln8IaG5PyBdl_FZxAuqr_MdNMlvB	ENSP00000427414	protein	209	VWnpayfAJ95mgKeRyYRxffAPq9qVifO6	gtars protein alphabet has no U (selenocysteine); residue replaced on encode. Upstream defect, not bit rot.
JFjEv7pdDDzAeCAaIEELYnSwrC195uIG	ENSP00000427753	protein	41	WpbIGegEWroKYH2jM6jjw5Ufb2H1Mwgt	gtars protein alphabet has no U (selenocysteine); residue replaced on encode. Upstream defect, not bit rot.
-W1ga7qTpavh8rWKzQUFLoybajnF4Jxc	ENSP00000427873	protein	139	Zg2EQVmu_RhOHP6UIsWL4eZCsO1y_hEH	gtars protein alphabet has no U (selenocysteine); residue replaced on encode. Upstream defect, not bit rot.
Fd3xnZ2MPARaTks5z6LazjAu62-FZ1eO	ENSP00000427873	protein	138	zvtZcVDBeQA-Dah1ZUjB8bqrtDT_1kPJ	gtars protein alphabet has no U (selenocysteine); residue replaced on encode. Upstream defect, not bit rot.
fTx-rH8GeDUsmP2QsGcNDqOCsypgGuIa	ENSP00000429584	protein	644	q6s2fMUII-47sZ3pEMOdWgiqW0dUQt55	gtars protein alphabet has no U (selenocysteine); residue replaced on encode. Upstream defect, not bit rot.
kXlOXQ5wIDh_BWegXqM23N9MIfK4AqeU	ENSP00000429584	protein	607	Ng-Wwx6TSPD7nVjvn4pfezoU-cwwESW1	gtars protein alphabet has no U (selenocysteine); residue replaced on encode. Upstream defect, not bit rot.
tRFxNu0xC75hRDAGfnXQFZ3IaePsRnSs	ENSP00000429709	protein	100	3fQCBmBAEaAcm4S_w8fLzCHlttVIY5Tx	gtars protein alphabet has no U (selenocysteine); residue replaced on encode. Upstream defect, not bit rot.
Grs4KonNbkgVAxcco8VA8FeR2JQfBZOZ	ENSP00000430031	protein	698	PPbhP6NyiQh9byq3yOEDifE4BIsB7rrB	gtars protein alphabet has no U (selenocysteine); residue replaced on encode. Upstream defect, not bit rot.
ILOUo4gnvIx7OjD6e8c-s9LYyrS7obF-	ENSP00000430031	protein	643	EHaZ7hLrbRxHujZCi0VWWrluAhIXmiJv	gtars protein alphabet has no U (selenocysteine); residue replaced on encode. Upstream defect, not bit rot.
MfHv6XeQvX8ZbtlxwswxWVDHe_fbzqtD	ENSP00000430508	protein	63	KRrshuJMcit0fbzLaEyJWIlo2xj80xt6	gtars protein alphabet has no U (selenocysteine); residue replaced on encode. Upstream defect, not bit rot.
swEZGShSmyJ4VaMPKJw_dcaqA7leESsm	ENSP00000430605	protein	83	tpUYkBjbNwzG9zShFmTvx0ysnX7IBtm9	gtars protein alphabet has no U (selenocysteine); residue replaced on encode. Upstream defect, not bit rot.
ZT4AGmMXjr3nCB9ESbvlyNoyoeXOM1ke	ENSP00000430743	protein	174	HfwTvrE3KIsGc_sADA_UlkHPc-BTASO7	gtars protein alphabet has no U (selenocysteine); residue replaced on encode. Upstream defect, not bit rot.
8Gr54zw3IQaR5uWsdHvfzbdzFff0fn95	ENSP00000432797	protein	184	niNd3aHiXKjkJyIa7WDZyWyB-Vf-1pSY	gtars protein alphabet has no U (selenocysteine); residue replaced on encode. Upstream defect, not bit rot.
n_7ZkFRRVb0rN0rVV6i0dNiKHTRAmKcY	ENSP00000432812	protein	568	rq2z1x-QMFC3qj4DZbprJtMQNg3ta7ym	gtars protein alphabet has no U (selenocysteine); residue replaced on encode. Upstream defect, not bit rot.
NjP8yTEE7fK8JM_YrtqqrrZ2vSP3-H0e	ENSP00000432812.2	protein	614	aj2i1b1Zdwc82AMKVQXGyOPZy0p1qPfo	gtars protein alphabet has no U (selenocysteine); residue replaced on encode. Upstream defect, not bit rot.
5EwDqzqKSn6t7siTObX2j5k_22fxBchz	ENSP00000433803	protein	166	hZVzAcnjsDHljlYXLguBNhQlZRwo7jDT	gtars protein alphabet has no U (selenocysteine); residue replaced on encode. Upstream defect, not bit rot.
OBFoTHyv3iuCZj0VvC1ZFiXgEMM5MAAZ	ENSP00000434875	protein	94	VmI1MDGqUaYV5AS1vHh9hpQ4kc-LdiZm	gtars protein alphabet has no U (selenocysteine); residue replaced on encode. Upstream defect, not bit rot.
-_Q4TOePoMCaghb51yfmYbqhIseZcc96	ENSP00000434875.2	protein	94	eEL_BQDaWp2_bUbbPvnXSkFMBCbsYmGZ	gtars protein alphabet has no U (selenocysteine); residue replaced on encode. Upstream defect, not bit rot.
QFZQL1ILaCGEI3GiAmwPy8N0NEwZMGpq	ENSP00000435123	protein	543	lLstgR4i7uPB4YSKzZ3jCN5BAlVcX_eP	gtars protein alphabet has no U (selenocysteine); residue replaced on encode. Upstream defect, not bit rot.
FCzkaX00fz8TgnqPMvO7X2kwxM1B2aVa	ENSP00000450991	protein	78	Is7U7-zidT7QB1FmWIJ7tQMTIQjykXhb	gtars protein alphabet has no U (selenocysteine); residue replaced on encode. Upstream defect, not bit rot.
mOQHD__oQVenR4BPgs_75riH5XQjmR6Z	ENSP00000451844	protein	78	Safb8wLyRPmXG-6L54GKtvQQcDwMKwM-	gtars protein alphabet has no U (selenocysteine); residue replaced on encode. Upstream defect, not bit rot.
SmKIut_oPCRIRT3QfDrJGw_XH7xcd-cD	ENSP00000464989	protein	260	gK1NBQMeDe5Nh-kJGhqU0THuyOyB8IJ9	gtars protein alphabet has no U (selenocysteine); residue replaced on encode. Upstream defect, not bit rot.
t86CWkwFS3lMZ_nPen_o84EOrPec4-JT	ENSP00000464989	protein	242	CdMMmT-TOJkm41ekbS2fvGLSwPUmsRIj	gtars protein alphabet has no U (selenocysteine); residue replaced on encode. Upstream defect, not bit rot.
2qDLKvNurrw_4b2JE-PplNBl1gCLWuVK	ENSP00000465828	protein	175	VENikUEU39vA3DGPciPSy1kdaxOyPL7G	gtars protein alphabet has no U (selenocysteine); residue replaced on encode. Upstream defect, not bit rot.
Tga8Umze37_YKC_Hi1phxNfe7pCmRsVx	ENSP00000465828	protein	195	dRiY6C56en0eZ4eoLrC-1Zv8iCSGycUQ	gtars protein alphabet has no U (selenocysteine); residue replaced on encode. Upstream defect, not bit rot.
v5o3K_qx2cXzxzLC-MKC5Ke1vaSKFLxO	ENSP00000465828	protein	194	L6C1H4f94673T6PlqLmcF_5BsUjyfwxC	gtars protein alphabet has no U (selenocysteine); residue replaced on encode. Upstream defect, not bit rot.
pat5jzQlyUFJfyyOKC3v5vaPiXRiha2e	ENSP00000466872	protein	180	5kR9YW4TLNlrxIWiLp0mmsqh9GvF1E2W	gtars protein alphabet has no U (selenocysteine); residue replaced on encode. Upstream defect, not bit rot.
3tBGZIlhOi4fkAxXkII37KdyHCWMZAuj	ENSP00000468349	protein	155	hvYtveyR4zJooQBSZw4O9TRWj-LnZttI	gtars protein alphabet has no U (selenocysteine); residue replaced on encode. Upstream defect, not bit rot.
qeCbxVBHgmzb-xwK2M1beFLRoZUk0scd	ENSP00000470135	protein	85	Bqpg8qyzV_UNZHiO3kLe8NoHORXGoLCG	gtars protein alphabet has no U (selenocysteine); residue replaced on encode. Upstream defect, not bit rot.
SyltB1XycaGhGDSceb7Lo4yXbUw3rv9U	ENSP00000473340	protein	171	Yo43LVWH9QN2jKBMylS3G-Gc6yO8PCMo	gtars protein alphabet has no U (selenocysteine); residue replaced on encode. Upstream defect, not bit rot.
mgT0UC1Db7lfG-KjsLBSnM9V2VtSbyHN	ENSP00000473614	protein	145	l_5iRuSUu5UXBhMpCqSmelceO-r2wnre	gtars protein alphabet has no U (selenocysteine); residue replaced on encode. Upstream defect, not bit rot.
pC50ECLZGZuLv72dCk1b4ayGLmyEu-zy	ENSP00000473614	protein	179	Jtt9-kgDF9s_YCZQkA-tOKJkSgS2EGsZ	gtars protein alphabet has no U (selenocysteine); residue replaced on encode. Upstream defect, not bit rot.
z_3gTL7__q3R6SR1-8NLSFz7-H1RbDdV	ENSP00000473614	protein	180	4otSS66T9mEsIeu_jmydFFDB_x-LFqsb	gtars protein alphabet has no U (selenocysteine); residue replaced on encode. Upstream defect, not bit rot.
QLSJ2I869d5PCYf_RvDeOBBQD6bu_-MU	ENSP00000484697	protein	134	VEo5xATxnh1TD5bm10BxBxQ9hxdjDPfq	gtars protein alphabet has no U (selenocysteine); residue replaced on encode. Upstream defect, not bit rot.
HXsWww8RB-rAL9ohh5nOCx7q-ixLKn1X	ENSP00000485466.2	protein	212	0PJG-Jqu596OWs3nmixqQbwaN2zhpv6r	gtars protein alphabet has no U (selenocysteine); residue replaced on encode. Upstream defect, not bit rot.
z1D8RgokD9bVlpZ-L7eQu_FaI3-_endH	ENSP00000485499.2	protein	180	FVvgv7Ppb2Yx0xzpLzGI1H_Yuw-mmmKR	gtars protein alphabet has no U (selenocysteine); residue replaced on encode. Upstream defect, not bit rot.
RiZ7QXje4ghIuntte7fjqPYPFR--RocF	ENSP00000485603.2	protein	165	IK7tVxw_Wrs5UYuC3R0gdQfCJ9-Z72Ny	gtars protein alphabet has no U (selenocysteine); residue replaced on encode. Upstream defect, not bit rot.
p8z115US6uOFnPJAbe8Lqr07IoPBA66m	ENSP00000489208.1	protein	362	sHTDfYzoHjwWyEx9EZduYEHvhOJccYk9	gtars protein alphabet has no U (selenocysteine); residue replaced on encode. Upstream defect, not bit rot.
rYjRtIuyoWR65--Jb998YAX3g8_wROQj	ENSP00000497584.1	protein	126	9t_qbamZwBL5nGaDiQlu9nyO3bKp0926	gtars protein alphabet has no U (selenocysteine); residue replaced on encode. Upstream defect, not bit rot.
47J-C-BFeuJccJh63db-QJxRhqOq9gD0	ENSP00000508308.1	protein	488	lo8b3QDSrKiTIOD2j6Q_xVgWN3_9hrja	gtars protein alphabet has no U (selenocysteine); residue replaced on encode. Upstream defect, not bit rot.
cmlqTUiI4pkgQFUbWn1NQCCjmIgE7B-D	ENSP00000515480.1	protein	202	2dD0WiUkImxJkPxN2zdLR9FrYV58QSHA	gtars protein alphabet has no U (selenocysteine); residue replaced on encode. Upstream defect, not bit rot.
Y9b51SeI5NFs97EhiY0jZzfoMjCMlemJ	ENSP00000515481.1	protein	190	X66Fhu_c46KI0CSA-uUDQ5pn6buyiwv_	gtars protein alphabet has no U (selenocysteine); residue replaced on encode. Upstream defect, not bit rot.
9y56kbf8Ci6kEQLOxO1hpe73Uj9DmG3t	ENSP00000515867.1	protein	122	Py3JGRciAqj9jmPGMhufwCdI3MeKy2eM	gtars protein alphabet has no U (selenocysteine); residue replaced on encode. Upstream defect, not bit rot.
lrob8z0oos_5zoIgnHGMcOS7TILTZ29E	ENSP00000515881.1	protein	51	Lfual8e3wqDvTtGxjo0FnPerzKlmPc4F	gtars protein alphabet has no U (selenocysteine); residue replaced on encode. Upstream defect, not bit rot.
CXVma9SCgf1cbQieC3e3f7Vl0TbeJv4u	ENSP00000515883.1	protein	124	5fEqPmL9mpapk9B4gPnIN33x-V85LLYf	gtars protein alphabet has no U (selenocysteine); residue replaced on encode. Upstream defect, not bit rot.
yXDOYaSFLGraHwMGXv2s8EzRljA9R1SM	ENSP00000516510.1	protein	195	DnBmWhlvWqRZvXK-c89ky-xJkFs7bDwG	gtars protein alphabet has no U (selenocysteine); residue replaced on encode. Upstream defect, not bit rot.
Nwch69scPPFMjELiGyZtrtkTOq7XyE5R	ENSP00000516511.1	protein	255	_51R0hZ2FcK2KCIhfdLaJ2EeRGCVQ6Rd	gtars protein alphabet has no U (selenocysteine); residue replaced on encode. Upstream defect, not bit rot.
qsfE5UDDg5US4PKbR3-mgCvYbsfBsxFH	NP_000572.2	protein	203	rH7LPcMsjw_gYX1uf60O-iwr19Ni4vPk	gtars protein alphabet has no U (selenocysteine); residue replaced on encode. Upstream defect, not bit rot.
q0SwedgUQ8TyUoWeDjsehuBKdzqnWTN6	NP_000783.2	protein	249	YwNqhAgjVPg01XNVjc2ysrLadb93O66i	gtars protein alphabet has no U (selenocysteine); residue replaced on encode. Upstream defect, not bit rot.
D3BXk1Uf_r11cQo0ZdHTysdRUFOIVSRW	NP_000784.3	protein	265	wp9oT_WbLbvwWnDEE38E4yDglsTsWN5D	gtars protein alphabet has no U (selenocysteine); residue replaced on encode. Upstream defect, not bit rot.
DVcab5QY-ePYuNcfVX-DpYevPHknsEP0	NP_001007024.1	protein	309	9ZvbrpeRfNw-aGqV51Li5MYIUyDg0bJY	gtars protein alphabet has no U (selenocysteine); residue replaced on encode. Upstream defect, not bit rot.
Y8uYN1dHyAuU92GKvlJtWNTgUo_fcJ-V	NP_001034805.1	protein	161	h-cvPfpxZhcTxF4ePKAwcU2L0KVazaVK	gtars protein alphabet has no U (selenocysteine); residue replaced on encode. Upstream defect, not bit rot.
wZX3DNRZ0QJZsKOuP5kw6hLOaSJm7tmw	NP_001034936.1	protein	227	ufrHdAijHNEQO_tQ60msCRbxGifIe-n5	gtars protein alphabet has no U (selenocysteine); residue replaced on encode. Upstream defect, not bit rot.
9U0y_C19vv8htrH0y6neS97AFj6ghBtk	NP_001034937.1	protein	234	YkgxTjyl46BjhqINkXHpscbdpfiQHe0j	gtars protein alphabet has no U (selenocysteine); residue replaced on encode. Upstream defect, not bit rot.
ZNCydLaFbaPA7GBcygWtyduAwpZQ5zf-	NP_001078955.1	protein	381	kRs5WfuIz66PPBlxHbfySo5BYBSPSB5U	gtars protein alphabet has no U (selenocysteine); residue replaced on encode. Upstream defect, not bit rot.
Re8zMsO_Wn1K7hiz_69EFfh7Bl-AVDEQ	NP_001087195.1	protein	411	5J5B4o0GvaIfcZnt_eC5QfXSSbB_Llgd	gtars protein alphabet has no U (selenocysteine); residue replaced on encode. Upstream defect, not bit rot.
BFnFcvkbI9PJ4FAs74PNj7nq6Tu4t6wE	NP_001087240.1	protein	649	jBfA6pmL9aWpzDEOWtrg5Z6sBcGhIBpY	gtars protein alphabet has no U (selenocysteine); residue replaced on encode. Upstream defect, not bit rot.
ga9oZcGEeHIGeP92Hea6Z8yiOw_iTwsM	NP_001138761.1	protein	249	vZ7_f3HokNOqg_E5iMT6PfUYPeGJ5xM7	gtars protein alphabet has no U (selenocysteine); residue replaced on encode. Upstream defect, not bit rot.
ZlX9MnAA-2LZS-1VLBoUUirbde18ZhwS	NP_001166984.1	protein	607	Wjnsszdmmqmt9kx7e7-uet0h2H9221zN	gtars protein alphabet has no U (selenocysteine); residue replaced on encode. Upstream defect, not bit rot.
TI5AdjT6Eg6Nnlbrg_OjNAudNMZ45E-3	NP_001229431.1	protein	146	WglsxXwulAUVRzAkMDNBYoKlQHiz59Av	gtars protein alphabet has no U (selenocysteine); residue replaced on encode. Upstream defect, not bit rot.
ES2Qtg9OXCgyjPUQV5NHx0Dux7U2RrGW	NP_001248374.1	protein	549	5gtIHrsaVt4tfQbjjAfBopO5bah-8sIO	gtars protein alphabet has no U (selenocysteine); residue replaced on encode. Upstream defect, not bit rot.
5mubT9ezCc00rvIqfw7Xrw0MKAgShGKv	NP_001248375.1	protein	461	uUy_nXSa-9_XuvR1bzsh9Hl1jvhrfkf7	gtars protein alphabet has no U (selenocysteine); residue replaced on encode. Upstream defect, not bit rot.
xBT5mxaNj8w_9mYEIVYSC14djFS8IMa0	NP_001308264.1	protein	122	2Pg80SlRIiTgndkg5ByjjNzyvQwGt2tz	gtars protein alphabet has no U (selenocysteine); residue replaced on encode. Upstream defect, not bit rot.
Kp8n1X6sPROVyYmk8pmfJaQxGxPJU6bb	NP_001316431.1	protein	104	50jnyRE-A8jSRme4FXdAvbYo_MQTSzqB	gtars protein alphabet has no U (selenocysteine); residue replaced on encode. Upstream defect, not bit rot.
mXU_uJE8B0SIVCYLVzCP5Q-fsk8CR3Xu	NP_001316432.1	protein	170	eDcVWY46ekUTJAhCMiz65fcDPLEjGhMg	gtars protein alphabet has no U (selenocysteine); residue replaced on encode. Upstream defect, not bit rot.
Il5DDcSDcGtqsWJD0trvx8sgOnF4S0lb	NP_001316719.1	protein	235	wb5lzSyv8JGWoqTyaPtGtFKbQ6lCuTLB	gtars protein alphabet has no U (selenocysteine); residue replaced on encode. Upstream defect, not bit rot.
dCefF3K_dlYMv15o8JgJJMqrg17JM44J	NP_001337738.1	protein	321	8MgsRtHm39YAGuk2C5IdMDTLEkedUpbA	gtars protein alphabet has no U (selenocysteine); residue replaced on encode. Upstream defect, not bit rot.
S5Ba3Jwph5fSdi00rbIaqhkFyoEYLH0U	NP_001339229.1	protein	523	go4c5uSpcZ35jFrIojj0wUFfz8MAFFKl	gtars protein alphabet has no U (selenocysteine); residue replaced on encode. Upstream defect, not bit rot.
pQj6LhPqVybO1jrvmvCnzCdtDh5oMQ_L	NP_001339230.1	protein	494	0zfaDdUY2vIDPFZI29GsFdnqtuInshVJ	gtars protein alphabet has no U (selenocysteine); residue replaced on encode. Upstream defect, not bit rot.
HofMWnA3yHI9drHXekgqNW5UFPehsihb	NP_001339231.1	protein	428	9LFn0iYEkB6jf4cYXsZU3rB_HCu8-5s2	gtars protein alphabet has no U (selenocysteine); residue replaced on encode. Upstream defect, not bit rot.
ZCoDCYB-yTp-ZCME6Xs4VplNys-nW2JN	NP_001353.3	protein	278	9tpzJdngUNbYKRlnvNJyQfkEcq0SG_eS	gtars protein alphabet has no U (selenocysteine); residue replaced on encode. Upstream defect, not bit rot.
7l9YrTu2Yg-d1gIvItcdxWKrN6XgeOEu	NP_001353.4	protein	304	fFIvQ_e3U3F-DIIUpKQ7Y_WT5eqnYhzt	gtars protein alphabet has no U (selenocysteine); residue replaced on encode. Upstream defect, not bit rot.
oaLtBtpVkXFxRZxZwocN60D4dRC3URbO	NP_001354761.1	protein	170	1V8ZD0DKnPgFdEwrRvkFiBECs5nbu-IE	gtars protein alphabet has no U (selenocysteine); residue replaced on encode. Upstream defect, not bit rot.
v47xx4Aa_nYrLs3k6jO3FnkJhfaR2ZzC	NP_002074.2	protein	190	uMy1yIjzhq710gWFG0SEof1ktcvDe-Ys	gtars protein alphabet has no U (selenocysteine); residue replaced on encode. Upstream defect, not bit rot.
Ntxbpiul1KfEvOxHaVSjZMA3Lk_nn_wU	NP_002075.2	protein	226	gaH49OWMC7kKYpac94RBgaSlwlRRGmmW	gtars protein alphabet has no U (selenocysteine); residue replaced on encode. Upstream defect, not bit rot.
hYCIlrTKC7SVC59W1YQv5WWQt9v7apdr	NP_002076.2	protein	197	ij1G70uB3H1OxC0tKvSNfm2l-mvdR7dx	gtars protein alphabet has no U (selenocysteine); residue replaced on encode. Upstream defect, not bit rot.
WUZHk7NHv7TNxpG1eEcYoBZwq9xmIWkx	NP_003000.1	protein	87	tq_v6C8kiBtgB4SG0f6av-U8AwHQR7ZF	gtars protein alphabet has no U (selenocysteine); residue replaced on encode. Upstream defect, not bit rot.
hIA2syQtwjTr9HWYX-be3Z2zokydzpX3	NP_003321.3	protein	551	4-fqqNEWcBOkm2JFGHS7Phkqlr7JtVQy	gtars protein alphabet has no U (selenocysteine); residue replaced on encode. Upstream defect, not bit rot.
R1QclJfcAVRFqnOw_II8YGNfwdF9UdIa	NP_004252.2	protein	165	TmQBKXUaWAtjINVNT_MxYDA-7RrDknh4	gtars protein alphabet has no U (selenocysteine); residue replaced on encode. Upstream defect, not bit rot.
GIXHjoJQSKza_OeY3JZH1CQtcYCuv735	NP_006431.2	protein	524	ak1T-N_FnERCv8DWLjzgtFxn99aqA66S	gtars protein alphabet has no U (selenocysteine); residue replaced on encode. Upstream defect, not bit rot.
bsxH_nX2HJplzlolAZCXUsugL-_YZ3tb	NP_036380.2	protein	448	yAvD_fw2kbtAeZoODps3VQ5F_A6WKhsl	gtars protein alphabet has no U (selenocysteine); residue replaced on encode. Upstream defect, not bit rot.
1hGuUcDIjGUHZQ5wM8Cnx1YUeRR55iKw	NP_054644.1	protein	273	vSCPZ0MwYsg8uRevln_dX3pANHoq3Fd9	gtars protein alphabet has no U (selenocysteine); residue replaced on encode. Upstream defect, not bit rot.
-w24J8JsTsCiiIpdjyQVllDGhvNmh8Px	NP_057359.2	protein	195	0E3X3RSGOhfwqTSMm6roTb6ca9l3v5UU	gtars protein alphabet has no U (selenocysteine); residue replaced on encode. Upstream defect, not bit rot.
5MsKJcglm19GS2GMaqbwdFNoR9QNn2JM	NP_057416.1	protein	116	HbYRMwhwhLklwUo5mtKkofVhD-7xU0lZ	gtars protein alphabet has no U (selenocysteine); residue replaced on encode. Upstream defect, not bit rot.
hMge5OjfdAxzZ4QJ87CIL42SuVMn-FQW	NP_060915.2	protein	189	6pBz6b9aDGwVJhYqvjcLXSaqo6qMOyq5	gtars protein alphabet has no U (selenocysteine); residue replaced on encode. Upstream defect, not bit rot.
euevbKfMwEyc4i6kNypmtqlfPjuGvK8N	NP_065184.2	protein	590	bFvtcePflNE9-MGLVuO6pavG5ROhAblC	gtars protein alphabet has no U (selenocysteine); residue replaced on encode. Upstream defect, not bit rot.
J7Ky9eT9JIaujbgiG5-2qHO9TRKfQ5_H	NP_067060.2	protein	94	7du02T6dytAI_Gay14XolcHhtNmJU8-F	gtars protein alphabet has no U (selenocysteine); residue replaced on encode. Upstream defect, not bit rot.
sth1AAdnoDggOWsDEcc-2DyM11SXovlW	NP_113642.1	protein	669	FYBtMxBAYkW8X36cM2fyU5CnCTsD7-UW	gtars protein alphabet has no U (selenocysteine); residue replaced on encode. Upstream defect, not bit rot.
mZT9n7AXx-tpHubeWOCr7VlrffZUCtl4	NP_277040.1	protein	397	T6AGcCUW7JCVhkeH-AgsEmhlcmNfBtr4	gtars protein alphabet has no U (selenocysteine); residue replaced on encode. Upstream defect, not bit rot.
K_D00sVIBowswLkh3Dby-LLvuTRJwrxe	NP_443115.1	protein	643	h3Ds4kkbm92ZVBVi-OhMgjwX90J_JV1Y	gtars protein alphabet has no U (selenocysteine); residue replaced on encode. Upstream defect, not bit rot.
MwjtRRaN_D0GlucDjjQ8JHFldB4_T-3V	NP_536355.1	protein	145	wgG5y8knZDZRqbIo40aPw7AkV4Giachl	gtars protein alphabet has no U (selenocysteine); residue replaced on encode. Upstream defect, not bit rot.
avW-1LvX-NUCYR8ztkolyJy-1OMdDpzJ	NP_874360.1	protein	221	Vw1lJsqut0QOH36AxAVSyBkJEhutetmK	gtars protein alphabet has no U (selenocysteine); residue replaced on encode. Upstream defect, not bit rot.
87yDsxiRiuMrsTyDvOvMC8feJcubPdUd	NP_874363.1	protein	346	PU5A1916FqmOWrpNHa8gqYI2hLk1J6gG	gtars protein alphabet has no U (selenocysteine); residue replaced on encode. Upstream defect, not bit rot.
qArqxdQOvPB0KWIvydp7tVBsj1Y4P9qY	NP_877393.1	protein	499	c_BRUfgkatcig2ynM2of_x26oNvdCPAI	gtars protein alphabet has no U (selenocysteine); residue replaced on encode. Upstream defect, not bit rot.
FPY14KpHwCoxpgKKCvjZCqIFjm-nDAK2	NP_957704.3	protein	331	5i2-7hTYn85Ku1JuAuWGP1BMvVXKmJgY	gtars protein alphabet has no U (selenocysteine); residue replaced on encode. Upstream defect, not bit rot.
Ej4_4YG7qKZcT4PV9DvJVSbruGCJfri3	NP_958799.1	protein	98	5eVFwc52c4Sge6zcWSzYN-Sj3lDE5cu7	gtars protein alphabet has no U (selenocysteine); residue replaced on encode. Upstream defect, not bit rot.
c96mezaEEHq_vebD5KFc95KKyJqk3-DE	NP_976086.1	protein	124	utwi4e9Aktp7d4zzcf7MbVlv8wDYLL4A	gtars protein alphabet has no U (selenocysteine); residue replaced on encode. Upstream defect, not bit rot.
aC-xUecB9yDH04BuC0VaM1dx79q9Gzs6	NP_996809.1	protein	556	ynRvbxkGAGtxL8oqZVfqUHA8We6MwSSa	gtars protein alphabet has no U (selenocysteine); residue replaced on encode. Upstream defect, not bit rot.
RmoHtvwP8mXJGrl4RHBJo47WxLEyO8Rc	NP_998758.1	protein	185	mQX6VkQc6XuJe4J8xGNgPvcb1ZM3MNJl	gtars protein alphabet has no U (selenocysteine); residue replaced on encode. Upstream defect, not bit rot.
